file_name,match
00576224,True
762cd429,False
0607ce86,False
358ba94e,False
55059096,False
e7639916,True
09c534e7,False
0a1d4ef5,False
1c0d0a4b,False
310f3251,False
692cd3b6,False
1da012fc,False
66e6c45b,True
3194b014,True
963f59bc,False
d37a1ef5,False
3979b1a8,True
f3cdc58f,False
85fa5666,False
a680ac02,False
b9630600,False
55783887,False
c7d4e6ad,True
4b6b68e5,False
a04b2602,False
e9c9d9a1,True
ef26cbf6,False
e1d2900e,False
e0fb7511,True
ae58858e,True
93c31fbe,False
aee291af,False
7ee1c6ea,True
e9ac8c9e,False
e95e3d8e,False
1a2e2828,True
770cc55f,True
03560426,False
bf699163,True
c35c1b4c,False
