file_name,sample_id,test_input,ground_truth,predicted_grid,match,cell_accuracy
00576224,1,"[{'input': [[3, 2], [7, 8]]}]","[[3, 2, 3, 2, 3, 2], [7, 8, 7, 8, 7, 8], [2, 3, 2, 3, 2, 3], [8, 7, 8, 7, 8, 7], [3, 2, 3, 2, 3, 2], [7, 8, 7, 8, 7, 8]]","[[7, 9], [4, 3]]",False,0.0
0a1d4ef5,1,"[{'input': [[5, 5, 0, 0, 0, 8, 5, 0, 0, 8, 8, 8, 0, 8, 0, 0, 5, 5, 0, 5, 0, 5, 8, 0, 0, 0, 0, 0, 0, 8], [8, 8, 5, 5, 0, 8, 0, 0, 5, 8, 0, 0, 5, 8, 0, 8, 0, 8, 0, 8, 0, 0, 5, 0, 8, 8, 0, 0, 0, 0], [0, 5, 5, 5, 0, 5, 8, 0, 5, 8, 0, 0, 0, 5, 0, 5, 8, 8, 5, 8, 5, 0, 5, 0, 0, 0, 0, 0, 5, 5], [0, 0, 0, 5, 5, 5, 8, 8, 0, 0, 0, 5, 8, 3, 3, 3, 3, 3, 5, 0, 8, 0, 8, 8, 0, 8, 8, 0, 0, 5], [0, 5, 0, 5, 2, 2, 2, 2, 2, 2, 0, 5, 8, 3, 3, 3, 3, 3, 8, 8, 8, 3, 3, 3, 3, 3, 3, 0, 0, 5], [8, 8, 0, 0, 2, 2, 2, 2, 2, 2, 0, 0, 0, 3, 3, 3, 3, 3, 5, 8, 0, 3, 3, 3, 3, 3, 3, 0, 8, 0], [8, 5, 0, 0, 2, 2, 2, 2, 2, 2, 0, 0, 8, 3, 3, 3, 3, 3, 0, 0, 0, 3, 3, 3, 3, 3, 3, 5, 0, 0], [5, 0, 8, 8, 2, 2, 2, 2, 2, 2, 8, 0, 0, 3, 3, 3, 3, 3, 0, 0, 0, 0, 5, 5, 0, 0, 0, 0, 0, 5], [0, 0, 0, 5, 0, 8, 0, 5, 5, 0, 0, 0, 0, 0, 0, 5, 5, 5, 0, 0, 0, 0, 0, 0, 0, 0, 0, 8, 8, 0], [0, 0, 5, 0, 5, 5, 0, 8, 0, 8, 8, 0, 0, 5, 8, 0, 0, 0, 0, 5, 0, 0, 1, 1, 1, 1, 1, 5, 5, 5], [8, 0, 8, 4, 4, 4, 4, 4, 5, 0, 5, 8, 7, 7, 7, 7, 7, 0, 0, 8, 5, 0, 1, 1, 1, 1, 1, 0, 5, 0], [8, 5, 0, 4, 4, 4, 4, 4, 0, 0, 0, 0, 7, 7, 7, 7, 7, 0, 0, 5, 0, 0, 1, 1, 1, 1, 1, 0, 5, 0], [0, 8, 0, 4, 4, 4, 4, 4, 0, 0, 0, 0, 7, 7, 7, 7, 7, 5, 0, 0, 5, 8, 1, 1, 1, 1, 1, 5, 5, 0], [0, 8, 5, 4, 4, 4, 4, 4, 0, 0, 0, 0, 7, 7, 7, 7, 7, 0, 8, 0, 8, 0, 1, 1, 1, 1, 1, 5, 5, 0], [0, 5, 8, 4, 4, 4, 4, 4, 0, 0, 8, 0, 8, 0, 0, 0, 0, 0, 5, 0, 0, 0, 5, 0, 0, 0, 5, 0, 5, 8], [8, 8, 0, 0, 0, 0, 8, 0, 8, 0, 0, 0, 0, 0, 0, 5, 0, 0, 5, 5, 8, 0, 5, 0, 5, 8, 0, 0, 0, 5], [0, 8, 0, 5, 0, 0, 0, 5, 5, 8, 5, 5, 3, 3, 3, 3, 3, 3, 3, 8, 0, 5, 0, 7, 7, 7, 7, 5, 0, 5], [0, 0, 5, 5, 0, 5, 1, 1, 1, 1, 0, 0, 3, 3, 3, 3, 3, 3, 3, 0, 8, 8, 8, 7, 7, 7, 7, 8, 0, 8], [0, 0, 0, 0, 0, 0, 1, 1, 1, 1, 5, 8, 3, 3, 3, 3, 3, 3, 3, 8, 5, 0, 8, 7, 7, 7, 7, 0, 5, 5], [0, 5, 0, 8, 0, 5, 1, 1, 1, 1, 5, 0, 3, 3, 3, 3, 3, 3, 3, 5, 0, 5, 0, 7, 7, 7, 7, 5, 0, 0], [0, 0, 5, 0, 0, 8, 1, 1, 1, 1, 0, 0, 5, 8, 0, 0, 5, 8, 8, 0, 0, 8, 0, 7, 7, 7, 7, 8, 0, 0], [5, 0, 5, 8, 0, 0, 8, 0, 5, 0, 0, 0, 0, 0, 5, 8, 0, 0, 5, 8, 0, 0, 5, 0, 8, 8, 8, 0, 0, 5], [0, 5, 0, 5, 5, 4, 4, 4, 5, 0, 5, 0, 6, 6, 6, 6, 6, 6, 0, 0, 2, 2, 2, 2, 2, 2, 0, 0, 5, 5], [0, 8, 0, 5, 5, 4, 4, 4, 0, 8, 5, 0, 6, 6, 6, 6, 6, 6, 0, 0, 2, 2, 2, 2, 2, 2, 5, 0, 8, 5], [8, 0, 0, 0, 0, 4, 4, 4, 5, 0, 8, 0, 6, 6, 6, 6, 6, 6, 0, 0, 2, 2, 2, 2, 2, 2, 0, 0, 0, 0], [0, 0, 0, 0, 0, 4, 4, 4, 5, 5, 0, 8, 6, 6, 6, 6, 6, 6, 5, 0, 2, 2, 2, 2, 2, 2, 0, 0, 8, 0], [5, 5, 0, 0, 0, 5, 5, 8, 5, 8, 0, 0, 6, 6, 6, 6, 6, 6, 8, 5, 8, 0, 0, 8, 5, 0, 8, 5, 0, 0], [0, 5, 8, 5, 0, 8, 5, 5, 5, 0, 8, 8, 0, 0, 5, 0, 8, 5, 5, 0, 0, 0, 5, 8, 0, 0, 0, 0, 8, 5], [0, 0, 0, 0, 8, 0, 0, 5, 8, 8, 8, 5, 0, 0, 0, 5, 0, 5, 0, 0, 0, 5, 0, 8, 0, 5, 5, 0, 0, 8], [8, 0, 5, 0, 0, 0, 0, 0, 5, 8, 8, 8, 0, 0, 5, 5, 5, 5, 8, 5, 0, 0, 5, 8, 5, 8, 5, 5, 0, 5]]}]","[[2, 3, 3], [4, 7, 1], [1, 3, 7], [4, 6, 2]]",[[0]],False,0.0
692cd3b6,1,"[{'input': [[0, 0, 0, 0, 0, 0, 0, 0, 0, 0, 0, 0, 0, 0, 0], [0, 0, 0, 0, 0, 0, 0, 0, 0, 2, 2, 2, 0, 0, 0], [0, 0, 0, 0, 0, 0, 0, 0, 0, 2, 5, 0, 0, 0, 0], [0, 0, 0, 0, 0, 0, 0, 0, 0, 2, 2, 2, 0, 0, 0], [0, 0, 0, 0, 0, 0, 0, 0, 0, 0, 0, 0, 0, 0, 0], [0, 0, 0, 0, 0, 0, 0, 0, 0, 0, 0, 0, 0, 0, 0], [0, 0, 0, 0, 0, 0, 0, 0, 0, 0, 0, 0, 0, 0, 0], [0, 0, 0, 0, 0, 0, 0, 0, 0, 0, 0, 0, 0, 0, 0], [0, 0, 0, 0, 0, 0, 0, 0, 0, 0, 0, 0, 0, 0, 0], [0, 0, 0, 0, 0, 0, 0, 0, 0, 0, 0, 0, 0, 0, 0], [0, 0, 2, 2, 2, 0, 0, 0, 0, 0, 0, 0, 0, 0, 0], [0, 0, 0, 5, 2, 0, 0, 0, 0, 0, 0, 0, 0, 0, 0], [0, 0, 2, 2, 2, 0, 0, 0, 0, 0, 0, 0, 0, 0, 0], [0, 0, 0, 0, 0, 0, 0, 0, 0, 0, 0, 0, 0, 0, 0], [0, 0, 0, 0, 0, 0, 0, 0, 0, 0, 0, 0, 0, 0, 0]]}]","[[0, 0, 0, 0, 0, 0, 0, 0, 0, 0, 0, 0, 0, 0, 0], [0, 0, 0, 0, 0, 0, 0, 0, 0, 2, 2, 2, 0, 0, 0], [0, 0, 0, 0, 0, 0, 0, 0, 0, 2, 5, 4, 4, 0, 0], [0, 0, 0, 0, 0, 0, 0, 0, 0, 2, 2, 2, 4, 0, 0], [0, 4, 4, 4, 4, 4, 4, 4, 4, 4, 4, 4, 4, 0, 0], [0, 4, 4, 4, 4, 4, 4, 4, 4, 4, 4, 4, 4, 0, 0], [0, 4, 4, 4, 4, 4, 4, 4, 4, 4, 4, 4, 4, 0, 0], [0, 4, 4, 4, 4, 4, 4, 4, 4, 4, 4, 4, 4, 0, 0], [0, 4, 4, 4, 4, 4, 4, 4, 4, 4, 4, 4, 4, 0, 0], [0, 4, 4, 4, 4, 4, 4, 4, 4, 4, 4, 4, 4, 0, 0], [0, 4, 2, 2, 2, 0, 0, 0, 0, 0, 0, 0, 0, 0, 0], [0, 4, 4, 5, 2, 0, 0, 0, 0, 0, 0, 0, 0, 0, 0], [0, 0, 2, 2, 2, 0, 0, 0, 0, 0, 0, 0, 0, 0, 0], [0, 0, 0, 0, 0, 0, 0, 0, 0, 0, 0, 0, 0, 0, 0], [0, 0, 0, 0, 0, 0, 0, 0, 0, 0, 0, 0, 0, 0, 0]]",[[0]],False,58.22222222222222
1da012fc,1,"[{'input': [[0, 0, 0, 0, 0, 0, 0, 0, 0, 0, 0, 0, 0, 0, 0, 0, 0, 0, 0, 0, 0, 0, 0, 0, 0], [0, 0, 0, 2, 2, 0, 0, 0, 0, 2, 2, 2, 0, 0, 0, 0, 0, 0, 0, 0, 0, 0, 0, 0, 0], [0, 0, 2, 2, 2, 2, 0, 0, 2, 0, 2, 0, 2, 0, 0, 0, 0, 0, 0, 0, 0, 0, 0, 0, 0], [0, 0, 0, 2, 2, 0, 0, 0, 0, 0, 2, 0, 0, 0, 0, 0, 0, 0, 0, 0, 0, 0, 0, 0, 0], [0, 0, 0, 0, 0, 0, 0, 0, 0, 0, 0, 0, 0, 0, 0, 0, 0, 0, 0, 0, 0, 0, 0, 0, 0], [0, 0, 0, 0, 0, 0, 0, 0, 0, 0, 0, 0, 0, 0, 0, 0, 0, 0, 0, 0, 0, 0, 0, 0, 0], [0, 0, 0, 0, 0, 0, 0, 0, 0, 0, 0, 0, 0, 0, 0, 0, 0, 0, 0, 0, 0, 0, 0, 0, 0], [0, 0, 0, 0, 0, 0, 2, 2, 2, 0, 0, 0, 0, 0, 0, 0, 0, 0, 0, 0, 0, 0, 0, 0, 0], [0, 0, 0, 0, 0, 2, 2, 0, 2, 2, 0, 0, 0, 0, 0, 0, 0, 0, 0, 0, 0, 0, 0, 0, 0], [0, 0, 0, 0, 0, 0, 2, 2, 2, 0, 0, 0, 0, 0, 0, 0, 5, 5, 5, 5, 5, 5, 5, 5, 0], [0, 0, 0, 0, 0, 0, 0, 0, 0, 0, 0, 0, 0, 0, 0, 0, 5, 3, 5, 5, 5, 4, 5, 5, 0], [0, 0, 0, 0, 0, 0, 0, 0, 0, 0, 0, 0, 0, 0, 0, 0, 5, 5, 5, 5, 5, 5, 5, 5, 0], [0, 0, 0, 0, 0, 0, 0, 0, 0, 0, 0, 0, 0, 0, 0, 0, 5, 5, 5, 5, 5, 5, 5, 5, 0], [0, 0, 0, 2, 0, 0, 0, 0, 0, 0, 2, 0, 0, 2, 0, 0, 5, 5, 5, 8, 5, 5, 5, 5, 0], [0, 0, 2, 2, 2, 0, 0, 0, 0, 2, 2, 2, 2, 2, 2, 0, 5, 5, 5, 5, 5, 5, 5, 5, 0], [0, 0, 0, 2, 0, 0, 0, 0, 0, 0, 0, 2, 2, 0, 0, 0, 5, 5, 5, 5, 5, 5, 5, 5, 0], [0, 0, 0, 0, 0, 0, 0, 0, 0, 0, 0, 0, 0, 0, 0, 0, 5, 1, 5, 5, 5, 6, 5, 5, 0], [0, 0, 0, 0, 0, 0, 0, 0, 0, 0, 0, 0, 0, 0, 0, 0, 5, 5, 5, 5, 5, 5, 5, 5, 0], [0, 0, 0, 0, 0, 0, 0, 0, 0, 0, 0, 0, 0, 0, 0, 0, 5, 5, 5, 5, 5, 5, 5, 5, 0]]}]","[[0, 0, 0, 0, 0, 0, 0, 0, 0, 0, 0, 0, 0, 0, 0, 0, 0, 0, 0, 0, 0, 0, 0, 0, 0], [0, 0, 0, 3, 3, 0, 0, 0, 0, 4, 4, 4, 0, 0, 0, 0, 0, 0, 0, 0, 0, 0, 0, 0, 0], [0, 0, 3, 3, 3, 3, 0, 0, 4, 0, 4, 0, 4, 0, 0, 0, 0, 0, 0, 0, 0, 0, 0, 0, 0], [0, 0, 0, 3, 3, 0, 0, 0, 0, 0, 4, 0, 0, 0, 0, 0, 0, 0, 0, 0, 0, 0, 0, 0, 0], [0, 0, 0, 0, 0, 0, 0, 0, 0, 0, 0, 0, 0, 0, 0, 0, 0, 0, 0, 0, 0, 0, 0, 0, 0], [0, 0, 0, 0, 0, 0, 0, 0, 0, 0, 0, 0, 0, 0, 0, 0, 0, 0, 0, 0, 0, 0, 0, 0, 0], [0, 0, 0, 0, 0, 0, 0, 0, 0, 0, 0, 0, 0, 0, 0, 0, 0, 0, 0, 0, 0, 0, 0, 0, 0], [0, 0, 0, 0, 0, 0, 8, 8, 8, 0, 0, 0, 0, 0, 0, 0, 0, 0, 0, 0, 0, 0, 0, 0, 0], [0, 0, 0, 0, 0, 8, 8, 0, 8, 8, 0, 0, 0, 0, 0, 0, 0, 0, 0, 0, 0, 0, 0, 0, 0], [0, 0, 0, 0, 0, 0, 8, 8, 8, 0, 0, 0, 0, 0, 0, 0, 5, 5, 5, 5, 5, 5, 5, 5, 0], [0, 0, 0, 0, 0, 0, 0, 0, 0, 0, 0, 0, 0, 0, 0, 0, 5, 3, 5, 5, 5, 4, 5, 5, 0], [0, 0, 0, 0, 0, 0, 0, 0, 0, 0, 0, 0, 0, 0, 0, 0, 5, 5, 5, 5, 5, 5, 5, 5, 0], [0, 0, 0, 0, 0, 0, 0, 0, 0, 0, 0, 0, 0, 0, 0, 0, 5, 5, 5, 5, 5, 5, 5, 5, 0], [0, 0, 0, 1, 0, 0, 0, 0, 0, 0, 6, 0, 0, 6, 0, 0, 5, 5, 5, 8, 5, 5, 5, 5, 0], [0, 0, 1, 1, 1, 0, 0, 0, 0, 6, 6, 6, 6, 6, 6, 0, 5, 5, 5, 5, 5, 5, 5, 5, 0], [0, 0, 0, 1, 0, 0, 0, 0, 0, 0, 0, 6, 6, 0, 0, 0, 5, 5, 5, 5, 5, 5, 5, 5, 0], [0, 0, 0, 0, 0, 0, 0, 0, 0, 0, 0, 0, 0, 0, 0, 0, 5, 1, 5, 5, 5, 6, 5, 5, 0], [0, 0, 0, 0, 0, 0, 0, 0, 0, 0, 0, 0, 0, 0, 0, 0, 5, 5, 5, 5, 5, 5, 5, 5, 0], [0, 0, 0, 0, 0, 0, 0, 0, 0, 0, 0, 0, 0, 0, 0, 0, 5, 5, 5, 5, 5, 5, 5, 5, 0]]",[[0]],False,74.73684210526315
66e6c45b,1,"[{'input': [[0, 0, 0, 0], [0, 2, 3, 0], [0, 4, 9, 0], [0, 0, 0, 0]]}]","[[2, 0, 0, 3], [0, 0, 0, 0], [0, 0, 0, 0], [4, 0, 0, 9]]","[[2, 0, 0, 3], [0, 0, 0, 0], [0, 0, 0, 0], [4, 0, 0, 9]]",True,100.0
3194b014,1,"[{'input': [[0, 9, 9, 7, 0, 0, 9, 7, 7, 7, 0, 7, 0, 0, 7, 0, 9, 0, 0, 0], [0, 0, 7, 3, 3, 3, 3, 0, 7, 7, 0, 0, 0, 0, 6, 6, 6, 6, 0, 9], [0, 7, 9, 3, 3, 3, 3, 3, 3, 0, 9, 9, 7, 0, 6, 6, 6, 6, 0, 7], [0, 9, 0, 3, 3, 3, 3, 3, 3, 3, 7, 0, 7, 6, 6, 6, 6, 6, 0, 0], [9, 0, 0, 7, 0, 9, 7, 7, 0, 7, 7, 0, 0, 0, 9, 6, 6, 6, 7, 7], [0, 0, 9, 7, 0, 9, 9, 0, 0, 7, 0, 0, 9, 0, 0, 6, 6, 6, 0, 7], [0, 9, 0, 9, 0, 0, 7, 0, 0, 9, 0, 0, 0, 0, 0, 9, 9, 0, 0, 0], [0, 9, 0, 0, 9, 7, 0, 0, 0, 9, 7, 0, 9, 9, 0, 7, 0, 0, 0, 0], [0, 7, 8, 8, 8, 8, 9, 9, 0, 7, 0, 0, 9, 7, 7, 0, 0, 9, 7, 7], [9, 0, 9, 8, 8, 8, 7, 7, 0, 7, 0, 0, 9, 0, 0, 9, 0, 7, 0, 0], [0, 0, 9, 8, 8, 8, 0, 9, 0, 9, 0, 0, 7, 5, 5, 0, 0, 9, 0, 9], [0, 0, 9, 8, 8, 8, 9, 0, 0, 0, 0, 9, 5, 5, 5, 7, 0, 0, 0, 9], [9, 0, 0, 8, 8, 8, 0, 7, 9, 9, 7, 0, 5, 5, 5, 5, 0, 0, 0, 7], [9, 9, 9, 7, 9, 8, 8, 0, 9, 7, 0, 5, 5, 5, 5, 5, 9, 0, 7, 0], [0, 0, 7, 7, 0, 7, 8, 0, 0, 0, 7, 5, 5, 5, 5, 5, 5, 9, 0, 9], [9, 7, 7, 0, 9, 0, 7, 9, 7, 0, 9, 5, 5, 5, 5, 5, 5, 0, 0, 9], [0, 7, 7, 0, 0, 7, 9, 0, 7, 0, 9, 7, 5, 5, 5, 5, 5, 9, 7, 9], [0, 0, 7, 7, 7, 0, 0, 9, 0, 9, 0, 0, 5, 5, 5, 5, 5, 0, 0, 0], [0, 0, 0, 0, 0, 7, 9, 0, 0, 0, 9, 9, 5, 5, 5, 0, 9, 0, 9, 0], [0, 0, 9, 0, 7, 0, 0, 9, 7, 0, 0, 7, 0, 0, 7, 9, 0, 0, 0, 0]]}]","[[5, 5, 5], [5, 5, 5], [5, 5, 5]]","[[3, 3, 3], [3, 3, 3], [3, 3, 3]]",False,0.0
963f59bc,1,"[{'input': [[0, 0, 0, 0, 0, 0, 0, 0, 0, 0, 0, 0, 0, 0, 0, 0], [0, 0, 0, 1, 0, 0, 0, 0, 0, 0, 0, 3, 0, 0, 0, 0], [0, 0, 1, 1, 0, 0, 0, 0, 0, 0, 0, 0, 0, 0, 0, 0], [1, 1, 0, 1, 0, 0, 0, 0, 0, 0, 0, 0, 0, 0, 0, 0], [0, 0, 1, 0, 0, 0, 0, 0, 0, 0, 0, 0, 0, 0, 0, 0], [0, 0, 0, 0, 0, 0, 0, 0, 0, 0, 0, 0, 0, 0, 0, 0], [0, 0, 0, 0, 0, 0, 0, 0, 0, 0, 0, 0, 0, 0, 0, 0], [0, 0, 0, 0, 0, 0, 0, 0, 0, 0, 0, 0, 0, 0, 0, 0], [0, 0, 0, 0, 0, 0, 0, 0, 0, 0, 0, 0, 0, 0, 0, 0], [0, 6, 0, 0, 0, 0, 0, 0, 0, 0, 0, 0, 0, 0, 0, 0], [0, 0, 0, 0, 0, 0, 0, 0, 0, 0, 0, 0, 0, 0, 0, 0], [0, 0, 0, 0, 0, 0, 0, 0, 0, 0, 0, 0, 0, 0, 0, 0], [0, 0, 0, 0, 0, 0, 0, 0, 0, 0, 0, 0, 0, 0, 0, 0], [0, 0, 0, 0, 0, 0, 0, 0, 0, 0, 0, 0, 0, 0, 0, 0]]}]","[[0, 0, 0, 0, 0, 0, 0, 0, 0, 0, 0, 0, 0, 0, 0, 0], [0, 0, 0, 1, 0, 0, 0, 0, 0, 0, 0, 3, 0, 0, 0, 0], [0, 0, 1, 1, 0, 0, 0, 0, 0, 0, 0, 3, 3, 0, 0, 0], [1, 1, 0, 1, 0, 0, 0, 0, 0, 0, 0, 3, 0, 3, 3, 0], [0, 0, 1, 0, 0, 0, 0, 0, 0, 0, 0, 0, 3, 0, 0, 0], [0, 0, 0, 0, 0, 0, 0, 0, 0, 0, 0, 0, 0, 0, 0, 0], [0, 0, 0, 0, 0, 0, 0, 0, 0, 0, 0, 0, 0, 0, 0, 0], [0, 0, 0, 0, 0, 0, 0, 0, 0, 0, 0, 0, 0, 0, 0, 0], [0, 0, 6, 0, 0, 0, 0, 0, 0, 0, 0, 0, 0, 0, 0, 0], [6, 6, 0, 6, 0, 0, 0, 0, 0, 0, 0, 0, 0, 0, 0, 0], [0, 0, 6, 6, 0, 0, 0, 0, 0, 0, 0, 0, 0, 0, 0, 0], [0, 0, 0, 6, 0, 0, 0, 0, 0, 0, 0, 0, 0, 0, 0, 0], [0, 0, 0, 0, 0, 0, 0, 0, 0, 0, 0, 0, 0, 0, 0, 0], [0, 0, 0, 0, 0, 0, 0, 0, 0, 0, 0, 0, 0, 0, 0, 0]]",[[0]],False,90.625
d37a1ef5,1,"[{'input': [[0, 0, 0, 0, 0, 0, 0, 0, 0, 0, 0, 0], [0, 0, 2, 2, 2, 2, 2, 2, 2, 2, 2, 0], [0, 0, 2, 0, 0, 0, 0, 0, 0, 0, 2, 0], [0, 0, 2, 0, 5, 0, 0, 0, 0, 0, 2, 0], [0, 0, 2, 0, 0, 0, 0, 5, 0, 0, 2, 0], [0, 0, 2, 0, 0, 0, 5, 0, 0, 0, 2, 0], [0, 0, 2, 0, 0, 5, 0, 0, 0, 0, 2, 0], [0, 0, 2, 0, 0, 0, 0, 0, 0, 0, 2, 0], [0, 0, 2, 0, 0, 0, 0, 0, 0, 0, 2, 0], [0, 0, 2, 2, 2, 2, 2, 2, 2, 2, 2, 0], [0, 0, 0, 0, 0, 0, 0, 0, 0, 0, 0, 0], [0, 0, 0, 0, 0, 0, 0, 0, 0, 0, 0, 0], [0, 0, 0, 0, 0, 0, 0, 0, 0, 0, 0, 0]]}]","[[0, 0, 0, 0, 0, 0, 0, 0, 0, 0, 0, 0], [0, 0, 2, 2, 2, 2, 2, 2, 2, 2, 2, 0], [0, 0, 2, 2, 2, 2, 2, 2, 2, 2, 2, 0], [0, 0, 2, 2, 5, 0, 0, 0, 2, 2, 2, 0], [0, 0, 2, 2, 0, 0, 0, 5, 2, 2, 2, 0], [0, 0, 2, 2, 0, 0, 5, 0, 2, 2, 2, 0], [0, 0, 2, 2, 0, 5, 0, 0, 2, 2, 2, 0], [0, 0, 2, 2, 2, 2, 2, 2, 2, 2, 2, 0], [0, 0, 2, 2, 2, 2, 2, 2, 2, 2, 2, 0], [0, 0, 2, 2, 2, 2, 2, 2, 2, 2, 2, 0], [0, 0, 0, 0, 0, 0, 0, 0, 0, 0, 0, 0], [0, 0, 0, 0, 0, 0, 0, 0, 0, 0, 0, 0], [0, 0, 0, 0, 0, 0, 0, 0, 0, 0, 0, 0]]","[[0, 0, 0, 0, 0, 0, 0, 0, 0, 0, 0, 0], [0, 0, 2, 2, 2, 2, 2, 2, 2, 2, 2, 0], [0, 0, 2, 0, 0, 0, 0, 0, 0, 0, 2, 0], [0, 0, 2, 0, 5, 0, 0, 0, 0, 0, 2, 0], [0, 0, 2, 0, 0, 0, 0, 5, 0, 0, 2, 0], [0, 0, 2, 0, 0, 0, 5, 0, 0, 0, 2, 0], [0, 0, 2, 0, 0, 5, 0, 0, 0, 0, 2, 0], [0, 0, 2, 0, 0, 0, 0, 0, 0, 0, 2, 0], [0, 0, 2, 0, 0, 0, 0, 0, 0, 0, 2, 0], [0, 0, 2, 2, 2, 2, 2, 2, 2, 2, 2, 0], [0, 0, 0, 0, 0, 0, 0, 0, 0, 0, 0, 0], [0, 0, 0, 0, 0, 0, 0, 0, 0, 0, 0, 0], [0, 0, 0, 0, 0, 0, 0, 0, 0, 0, 0, 0]]",False,78.84615384615384
3979b1a8,1,"[{'input': [[5, 1, 1, 1, 5], [1, 1, 9, 1, 1], [1, 9, 9, 9, 1], [1, 1, 9, 1, 1], [5, 1, 1, 1, 5]]}]","[[5, 1, 1, 1, 5, 5, 9, 1, 5, 9], [1, 1, 9, 1, 1, 5, 9, 1, 5, 9], [1, 9, 9, 9, 1, 5, 9, 1, 5, 9], [1, 1, 9, 1, 1, 5, 9, 1, 5, 9], [5, 1, 1, 1, 5, 5, 9, 1, 5, 9], [5, 5, 5, 5, 5, 9, 9, 1, 5, 9], [9, 9, 9, 9, 9, 9, 1, 1, 5, 9], [1, 1, 1, 1, 1, 1, 1, 5, 5, 9], [5, 5, 5, 5, 5, 5, 5, 5, 9, 9], [9, 9, 9, 9, 9, 9, 9, 9, 9, 1]]","[[5, 1, 1, 1, 5], [1, 1, 9, 1, 1], [1, 9, 9, 9, 1], [1, 1, 9, 1, 1], [5, 1, 1, 1, 5]]",False,25.0
f3cdc58f,1,"[{'input': [[0, 3, 0, 0, 0, 0, 0, 0, 0, 0], [0, 2, 3, 0, 0, 2, 4, 0, 0, 0], [0, 3, 0, 2, 0, 0, 0, 0, 0, 3], [4, 0, 0, 1, 0, 0, 0, 1, 0, 0], [0, 0, 0, 1, 0, 0, 0, 2, 0, 0], [3, 0, 1, 0, 3, 0, 0, 0, 0, 0], [0, 0, 0, 0, 0, 0, 0, 3, 0, 0], [0, 0, 0, 0, 0, 0, 0, 0, 0, 0], [1, 0, 0, 0, 0, 0, 1, 0, 0, 3], [0, 0, 0, 0, 2, 4, 0, 2, 4, 2]]}]","[[0, 0, 0, 0, 0, 0, 0, 0, 0, 0], [0, 0, 0, 0, 0, 0, 0, 0, 0, 0], [0, 0, 3, 0, 0, 0, 0, 0, 0, 0], [0, 2, 3, 0, 0, 0, 0, 0, 0, 0], [1, 2, 3, 0, 0, 0, 0, 0, 0, 0], [1, 2, 3, 0, 0, 0, 0, 0, 0, 0], [1, 2, 3, 4, 0, 0, 0, 0, 0, 0], [1, 2, 3, 4, 0, 0, 0, 0, 0, 0], [1, 2, 3, 4, 0, 0, 0, 0, 0, 0], [1, 2, 3, 4, 0, 0, 0, 0, 0, 0]]",[[0]],False,75.0
55783887,1,"[{'input': [[4, 4, 4, 4, 4, 4, 4, 4, 4, 4, 4, 4, 4, 4, 4, 4], [4, 4, 4, 4, 4, 4, 4, 4, 4, 4, 4, 4, 4, 4, 4, 4], [4, 4, 1, 4, 4, 4, 4, 4, 4, 4, 4, 4, 4, 4, 4, 4], [4, 4, 4, 4, 4, 4, 4, 4, 4, 4, 4, 4, 4, 4, 4, 4], [4, 4, 4, 4, 6, 4, 4, 4, 4, 4, 4, 4, 4, 4, 1, 4], [4, 4, 4, 4, 4, 4, 4, 4, 4, 4, 4, 4, 4, 4, 4, 4], [4, 4, 4, 4, 4, 4, 6, 4, 4, 4, 4, 4, 4, 4, 4, 4], [4, 4, 4, 4, 4, 4, 4, 4, 4, 4, 4, 4, 4, 4, 6, 4], [4, 4, 4, 4, 4, 4, 4, 4, 4, 4, 4, 4, 4, 4, 4, 4], [4, 4, 4, 4, 4, 4, 4, 4, 4, 4, 4, 4, 4, 4, 4, 4], [4, 4, 4, 4, 4, 4, 4, 4, 4, 4, 1, 4, 4, 4, 4, 4], [4, 4, 4, 4, 4, 4, 4, 4, 4, 4, 4, 4, 4, 4, 4, 4], [4, 4, 4, 4, 4, 4, 4, 4, 4, 4, 4, 4, 4, 4, 4, 4], [4, 4, 4, 4, 4, 4, 4, 4, 4, 4, 4, 4, 4, 4, 4, 4], [4, 4, 4, 4, 4, 4, 4, 4, 4, 4, 4, 4, 4, 4, 4, 4], [4, 4, 6, 4, 4, 4, 4, 4, 4, 4, 4, 4, 4, 4, 4, 4], [4, 4, 4, 4, 4, 4, 4, 4, 4, 4, 4, 4, 4, 4, 4, 4], [4, 4, 4, 4, 4, 4, 4, 4, 4, 1, 4, 4, 4, 4, 4, 4], [4, 4, 4, 4, 4, 4, 4, 4, 4, 4, 4, 4, 4, 4, 4, 4]]}]","[[4, 4, 4, 4, 4, 4, 4, 4, 6, 4, 4, 4, 6, 4, 4, 4], [4, 4, 4, 4, 4, 4, 4, 6, 4, 4, 4, 6, 4, 4, 4, 4], [4, 4, 1, 4, 4, 4, 6, 4, 4, 4, 6, 4, 4, 4, 4, 4], [4, 4, 4, 1, 4, 6, 4, 4, 4, 6, 4, 4, 4, 4, 4, 4], [4, 4, 4, 4, 6, 4, 4, 4, 6, 4, 4, 4, 4, 4, 1, 4], [4, 4, 4, 6, 4, 1, 4, 6, 4, 4, 4, 4, 4, 4, 4, 4], [4, 4, 6, 4, 4, 4, 6, 4, 4, 4, 4, 4, 4, 4, 4, 4], [4, 6, 4, 4, 4, 6, 4, 1, 4, 4, 4, 4, 4, 4, 6, 4], [6, 4, 4, 4, 6, 4, 4, 4, 1, 4, 4, 4, 4, 4, 4, 4], [4, 4, 4, 6, 4, 4, 4, 4, 4, 1, 4, 4, 4, 4, 4, 4], [4, 4, 6, 4, 4, 4, 4, 4, 4, 4, 1, 4, 4, 4, 4, 4], [4, 6, 4, 4, 4, 4, 4, 4, 4, 4, 4, 4, 4, 4, 4, 4], [6, 4, 4, 4, 4, 4, 4, 4, 4, 4, 4, 4, 4, 4, 4, 4], [4, 4, 4, 4, 4, 4, 4, 4, 4, 4, 4, 4, 4, 4, 4, 4], [4, 4, 4, 4, 4, 4, 4, 4, 4, 4, 4, 4, 4, 4, 4, 4], [4, 4, 6, 4, 4, 4, 4, 4, 4, 4, 4, 4, 4, 4, 4, 4], [4, 4, 4, 4, 4, 4, 4, 4, 4, 4, 4, 4, 4, 4, 4, 4], [4, 4, 4, 4, 4, 4, 4, 4, 4, 1, 4, 4, 4, 4, 4, 4], [4, 4, 4, 4, 4, 4, 4, 4, 4, 4, 4, 4, 4, 4, 4, 4]]","[[4, 1, 4, 4, 4, 4, 4, 4, 4, 4, 4, 4, 4, 4, 4, 4], [4, 4, 4, 4, 4, 4, 4, 4, 4, 4, 4, 4, 4, 4, 4, 4], [4, 4, 6, 4, 4, 4, 4, 4, 4, 4, 4, 4, 4, 4, 1, 4], [4, 4, 4, 7, 4, 4, 4, 4, 4, 4, 4, 4, 4, 8, 4, 4], [4, 4, 4, 8, 4, 4, 4, 4, 4, 4, 4, 4, 9, 8, 4, 4], [4, 4, 4, 9, 4, 6, 4, 4, 4, 4, 4, 4, 10, 8, 4, 4], [4, 4, 4, 10, 4, 4, 4, 4, 4, 4, 4, 11, 10, 8, 4, 4], [4, 4, 4, 11, 4, 4, 4, 4, 4, 4, 6, 12, 11, 8, 4, 4], [4, 4, 4, 12, 4, 4, 4, 4, 4, 4, 4, 13, 12, 8, 4, 4], [4, 4, 4, 13, 4, 4, 4, 4, 4, 4, 1, 14, 13, 8, 1, 4], [4, 4, 4, 14, 4, 4, 4, 4, 4, 10, 4, 15, 14, 8, 1, 4], [4, 4, 4, 15, 4, 4, 4, 4, 8, 11, 4, 16, 15, 8, 1, 4], [4, 4, 4, 16, 4, 4, 4, 6, 10, 12, 4, 16, 16, 8, 1, 4], [4, 4, 4, 17, 4, 4, 8, 7, 9, 13, 4, 16, 16, 8, 1, 4], [4, 4, 4, 18, 4, 11, 8, 8, 8, 14, 4, 16, 16, 8, 1, 4], [4, 4, 6, 19, 4, 12, 8, 9, 9, 15, 6, 16, 16, 8, 6, 4], [4, 4, 4, 20, 4, 13, 8, 10, 10, 16, 4, 16, 16, 8, 7, 6], [4, 4, 4, 21, 4, 14, 8, 11, 11, 16, 4, 16, 16, 8, 8, 6], [4, 4, 4, 22, 4, 15, 8, 12, 12, 16, 4, 16, 16, 8, 9, 6], [4, 4, 6, 23, 6, 16, 8, 13, 13, 16, 4, 16, 16, 10, 10, 6], [4, 4, 4, 24, 7, 16, 8, 14, 14, 16, 5, 16, 16, 11, 11, 6]]",False,48.51190476190476
c7d4e6ad,1,"[{'input': [[0, 0, 0, 0, 0, 0, 0, 0, 0, 0], [0, 0, 0, 0, 0, 0, 0, 0, 0, 0], [2, 0, 0, 0, 5, 5, 0, 5, 0, 0], [2, 0, 0, 5, 5, 5, 5, 5, 0, 0], [3, 0, 0, 5, 0, 0, 0, 0, 0, 0], [3, 0, 0, 5, 5, 5, 0, 0, 0, 0], [3, 0, 0, 0, 0, 5, 0, 0, 0, 0], [4, 0, 0, 5, 5, 5, 5, 0, 0, 0], [7, 0, 0, 5, 5, 5, 0, 0, 0, 0], [0, 0, 0, 0, 0, 0, 0, 0, 0, 0]]}]","[[0, 0, 0, 0, 0, 0, 0, 0, 0, 0], [0, 0, 0, 0, 0, 0, 0, 0, 0, 0], [2, 0, 0, 0, 2, 2, 0, 2, 0, 0], [2, 0, 0, 2, 2, 2, 2, 2, 0, 0], [3, 0, 0, 3, 0, 0, 0, 0, 0, 0], [3, 0, 0, 3, 3, 3, 0, 0, 0, 0], [3, 0, 0, 0, 0, 3, 0, 0, 0, 0], [4, 0, 0, 4, 4, 4, 4, 0, 0, 0], [7, 0, 0, 7, 7, 7, 0, 0, 0, 0], [0, 0, 0, 0, 0, 0, 0, 0, 0, 0]]",[[0]],False,73.0
4b6b68e5,1,"[{'input': [[0, 0, 0, 0, 0, 0, 0, 0, 0, 0, 0, 0, 0, 0, 0, 0, 0, 0, 0, 0, 0, 0, 0, 0], [0, 0, 0, 2, 2, 2, 2, 2, 2, 2, 0, 0, 0, 1, 0, 0, 3, 3, 3, 3, 3, 3, 0, 1], [0, 0, 0, 2, 0, 0, 0, 0, 0, 2, 2, 2, 0, 0, 0, 0, 3, 0, 0, 0, 0, 3, 0, 0], [0, 0, 0, 2, 0, 6, 0, 0, 8, 0, 0, 2, 0, 0, 0, 0, 3, 0, 0, 6, 0, 3, 0, 0], [0, 0, 0, 2, 0, 0, 1, 0, 0, 0, 0, 2, 0, 0, 3, 3, 3, 0, 0, 0, 0, 3, 0, 0], [0, 2, 2, 2, 0, 0, 0, 0, 0, 0, 1, 2, 0, 0, 3, 0, 0, 0, 0, 8, 0, 3, 0, 0], [0, 2, 0, 0, 1, 0, 6, 0, 0, 0, 0, 2, 0, 0, 3, 8, 0, 0, 0, 0, 0, 3, 0, 0], [0, 2, 0, 0, 0, 0, 0, 2, 2, 2, 2, 2, 0, 0, 3, 0, 0, 0, 8, 0, 0, 3, 0, 0], [0, 2, 0, 0, 0, 0, 0, 2, 0, 0, 0, 0, 0, 0, 3, 0, 0, 0, 0, 1, 0, 3, 0, 0], [0, 2, 2, 2, 2, 2, 2, 2, 0, 0, 0, 0, 0, 0, 3, 0, 0, 0, 0, 0, 0, 3, 0, 0], [0, 0, 0, 0, 0, 0, 0, 0, 0, 0, 0, 1, 0, 0, 3, 3, 3, 3, 0, 0, 0, 3, 0, 0], [0, 0, 0, 1, 0, 0, 0, 0, 0, 0, 0, 0, 0, 0, 0, 0, 0, 3, 0, 8, 0, 3, 0, 0], [0, 3, 0, 0, 0, 0, 0, 0, 0, 0, 0, 0, 0, 0, 0, 0, 0, 3, 0, 0, 0, 3, 0, 0], [0, 0, 0, 0, 0, 0, 0, 8, 8, 8, 8, 8, 0, 0, 0, 0, 0, 3, 3, 3, 3, 3, 0, 0], [0, 0, 0, 0, 0, 0, 0, 8, 0, 0, 0, 8, 0, 0, 1, 0, 0, 0, 0, 0, 0, 0, 0, 0], [0, 0, 8, 8, 8, 8, 8, 8, 0, 8, 0, 8, 0, 0, 0, 0, 3, 0, 0, 0, 0, 0, 0, 0], [0, 0, 8, 0, 0, 0, 0, 0, 0, 0, 0, 8, 0, 0, 0, 0, 0, 0, 0, 0, 0, 0, 0, 1], [0, 0, 8, 0, 4, 0, 0, 0, 0, 3, 0, 8, 0, 0, 0, 0, 0, 0, 0, 0, 0, 0, 0, 0], [0, 0, 8, 0, 0, 0, 4, 0, 0, 0, 0, 8, 0, 0, 0, 7, 7, 7, 7, 7, 7, 7, 0, 0], [0, 0, 8, 0, 3, 0, 0, 0, 0, 4, 0, 8, 0, 0, 0, 7, 0, 0, 0, 0, 0, 7, 0, 0], [0, 0, 8, 0, 0, 0, 0, 0, 0, 0, 0, 8, 0, 0, 0, 7, 0, 2, 0, 1, 0, 7, 0, 0], [0, 0, 8, 0, 0, 8, 8, 8, 8, 0, 0, 8, 0, 0, 0, 7, 0, 0, 0, 0, 0, 7, 0, 0], [0, 0, 8, 8, 8, 8, 0, 0, 8, 8, 8, 8, 0, 0, 0, 7, 0, 1, 0, 0, 0, 0, 0, 0], [0, 0, 0, 0, 0, 0, 0, 0, 0, 0, 0, 0, 0, 0, 0, 7, 7, 7, 7, 7, 0, 0, 0, 0], [0, 0, 0, 0, 0, 3, 0, 0, 0, 0, 0, 0, 0, 0, 0, 0, 0, 0, 0, 0, 0, 0, 0, 0], [0, 0, 0, 0, 0, 0, 0, 0, 0, 0, 1, 0, 0, 0, 0, 0, 0, 0, 0, 0, 3, 0, 0, 0]]}]","[[0, 0, 0, 0, 0, 0, 0, 0, 0, 0, 0, 0, 0, 0, 0, 0, 0, 0, 0, 0, 0, 0, 0, 0], [0, 0, 0, 2, 2, 2, 2, 2, 2, 2, 0, 0, 0, 0, 0, 0, 3, 3, 3, 3, 3, 3, 0, 0], [0, 0, 0, 2, 1, 1, 1, 1, 1, 2, 2, 2, 0, 0, 0, 0, 3, 8, 8, 8, 8, 3, 0, 0], [0, 0, 0, 2, 1, 1, 1, 1, 1, 1, 1, 2, 0, 0, 0, 0, 3, 8, 8, 8, 8, 3, 0, 0], [0, 0, 0, 2, 1, 1, 1, 1, 1, 1, 1, 2, 0, 0, 3, 3, 3, 8, 8, 8, 8, 3, 0, 0], [0, 2, 2, 2, 1, 1, 1, 1, 1, 1, 1, 2, 0, 0, 3, 8, 8, 8, 8, 8, 8, 3, 0, 0], [0, 2, 1, 1, 1, 1, 1, 1, 1, 1, 1, 2, 0, 0, 3, 8, 8, 8, 8, 8, 8, 3, 0, 0], [0, 2, 1, 1, 1, 1, 1, 2, 2, 2, 2, 2, 0, 0, 3, 8, 8, 8, 8, 8, 8, 3, 0, 0], [0, 2, 1, 1, 1, 1, 1, 2, 0, 0, 0, 0, 0, 0, 3, 8, 8, 8, 8, 8, 8, 3, 0, 0], [0, 2, 2, 2, 2, 2, 2, 2, 0, 0, 0, 0, 0, 0, 3, 8, 8, 8, 8, 8, 8, 3, 0, 0], [0, 0, 0, 0, 0, 0, 0, 0, 0, 0, 0, 0, 0, 0, 3, 3, 3, 3, 8, 8, 8, 3, 0, 0], [0, 0, 0, 0, 0, 0, 0, 0, 0, 0, 0, 0, 0, 0, 0, 0, 0, 3, 8, 8, 8, 3, 0, 0], [0, 0, 0, 0, 0, 0, 0, 0, 0, 0, 0, 0, 0, 0, 0, 0, 0, 3, 8, 8, 8, 3, 0, 0], [0, 0, 0, 0, 0, 0, 0, 8, 8, 8, 8, 8, 0, 0, 0, 0, 0, 3, 3, 3, 3, 3, 0, 0], [0, 0, 0, 0, 0, 0, 0, 8, 4, 4, 4, 8, 0, 0, 0, 0, 0, 0, 0, 0, 0, 0, 0, 0], [0, 0, 8, 8, 8, 8, 8, 8, 4, 4, 4, 8, 0, 0, 0, 0, 0, 0, 0, 0, 0, 0, 0, 0], [0, 0, 8, 4, 4, 4, 4, 4, 4, 4, 4, 8, 0, 0, 0, 0, 0, 0, 0, 0, 0, 0, 0, 0], [0, 0, 8, 4, 4, 4, 4, 4, 4, 4, 4, 8, 0, 0, 0, 0, 0, 0, 0, 0, 0, 0, 0, 0], [0, 0, 8, 4, 4, 4, 4, 4, 4, 4, 4, 8, 0, 0, 0, 7, 7, 7, 7, 7, 7, 7, 0, 0], [0, 0, 8, 4, 4, 4, 4, 4, 4, 4, 4, 8, 0, 0, 0, 7, 0, 0, 0, 0, 0, 7, 0, 0], [0, 0, 8, 4, 4, 4, 4, 4, 4, 4, 4, 8, 0, 0, 0, 7, 0, 0, 0, 0, 0, 7, 0, 0], [0, 0, 8, 4, 4, 8, 8, 8, 8, 4, 4, 8, 0, 0, 0, 7, 0, 0, 0, 0, 0, 7, 0, 0], [0, 0, 8, 8, 8, 8, 0, 0, 8, 8, 8, 8, 0, 0, 0, 7, 0, 0, 0, 0, 0, 0, 0, 0], [0, 0, 0, 0, 0, 0, 0, 0, 0, 0, 0, 0, 0, 0, 0, 7, 7, 7, 7, 7, 0, 0, 0, 0], [0, 0, 0, 0, 0, 0, 0, 0, 0, 0, 0, 0, 0, 0, 0, 0, 0, 0, 0, 0, 0, 0, 0, 0], [0, 0, 0, 0, 0, 0, 0, 0, 0, 0, 0, 0, 0, 0, 0, 0, 0, 0, 0, 0, 0, 0, 0, 0]]","[[0, 0, 0, 0, 0, 0, 0, 0, 0, 0, 0, 0, 0, 0, 0, 0, 0, 0, 0, 0, 0, 0, 0, 0], [0, 0, 0, 2, 2, 2, 2, 2, 2, 2, 0, 0, 0, 1, 0, 0, 3, 3, 3, 3, 3, 3, 0, 1], [0, 0, 0, 2, 0, 0, 0, 0, 0, 2, 2, 2, 0, 0, 0, 0, 3, 0, 0, 0, 0, 3, 0, 0], [0, 0, 0, 2, 0, 6, 0, 0, 8, 0, 0, 2, 0, 0, 0, 0, 3, 0, 0, 6, 0, 3, 0, 0], [0, 0, 0, 2, 0, 0, 1, 0, 0, 0, 0, 2, 0, 0, 3, 3, 3, 0, 0, 0, 0, 3, 0, 0], [0, 2, 2, 2, 0, 0, 0, 0, 0, 0, 1, 2, 0, 0, 3, 0, 0, 0, 0, 8, 0, 3, 0, 0], [0, 2, 0, 0, 1, 0, 6, 0, 0, 0, 0, 2, 0, 0, 3, 8, 0, 0, 0, 0, 0, 3, 0, 0], [0, 2, 0, 0, 0, 0, 0, 2, 2, 2, 2, 2, 0, 0, 3, 0, 0, 0, 8, 0, 0, 3, 0, 0], [0, 2, 0, 0, 0, 0, 0, 2, 0, 0, 0, 0, 0, 0, 3, 0, 0, 0, 0, 1, 0, 3, 0, 0], [0, 2, 2, 2, 2, 2, 2, 2, 0, 0, 0, 0, 0, 0, 3, 0, 0, 0, 0, 0, 0, 3, 0, 0], [0, 0, 0, 0, 0, 0, 0, 0, 0, 0, 0, 1, 0, 0, 3, 3, 3, 3, 0, 0, 0, 3, 0, 0], [0, 0, 0, 1, 0, 0, 0, 0, 0, 0, 0, 0, 0, 0, 0, 0, 0, 3, 0, 8, 0, 3, 0, 0], [0, 3, 0, 0, 0, 0, 0, 0, 0, 0, 0, 0, 0, 0, 0, 0, 0, 3, 0, 0, 0, 3, 0, 0], [0, 0, 0, 0, 0, 0, 0, 8, 8, 8, 8, 8, 0, 0, 0, 0, 0, 3, 3, 3, 3, 3, 0, 0], [0, 0, 0, 0, 0, 0, 0, 8, 0, 0, 0, 8, 0, 0, 1, 0, 0, 0, 0, 0, 0, 0, 0, 0], [0, 0, 8, 8, 8, 8, 8, 8, 0, 8, 0, 8, 0, 0, 0, 0, 3, 0, 0, 0, 0, 0, 0, 0], [0, 0, 8, 0, 0, 0, 0, 0, 0, 0, 0, 8, 0, 0, 0, 0, 0, 0, 0, 0, 0, 0, 0, 1], [0, 0, 8, 0, 4, 0, 0, 0, 0, 3, 0, 8, 0, 0, 0, 0, 0, 0, 0, 0, 0, 0, 0, 0], [0, 0, 8, 0, 0, 0, 4, 0, 0, 0, 0, 8, 0, 0, 0, 7, 7, 7, 7, 7, 7, 7, 0, 0], [0, 0, 8, 0, 3, 0, 0, 0, 0, 4, 0, 8, 0, 0, 0, 7, 0, 0, 0, 0, 0, 7, 0, 0], [0, 0, 8, 0, 0, 0, 0, 0, 0, 0, 0, 8, 0, 0, 0, 7, 0, 2, 0, 1, 0, 7, 0, 0], [0, 0, 8, 0, 0, 8, 8, 8, 8, 0, 0, 8, 0, 0, 0, 7, 0, 0, 0, 0, 0, 7, 0, 0], [0, 0, 8, 8, 8, 8, 0, 0, 8, 8, 8, 8, 0, 0, 0, 7, 0, 1, 0, 0, 0, 0, 0, 0], [0, 0, 0, 0, 0, 0, 0, 0, 0, 0, 0, 0, 0, 0, 0, 7, 7, 7, 7, 7, 0, 0, 0, 0], [0, 0, 0, 0, 0, 3, 0, 0, 0, 0, 0, 0, 0, 0, 0, 0, 0, 0, 0, 0, 0, 0, 0, 0], [0, 0, 0, 0, 0, 0, 0, 0, 0, 0, 1, 0, 0, 0, 0, 0, 0, 0, 0, 0, 3, 0, 0, 0]]",False,75.96153846153845
a04b2602,1,"[{'input': [[0, 0, 0, 0, 0, 2, 0, 0, 0, 0, 0, 0, 0, 3, 3, 3, 2, 3, 3, 3, 3, 3, 3, 3, 3, 0, 0], [0, 0, 0, 0, 0, 0, 0, 0, 0, 0, 0, 0, 0, 2, 3, 3, 3, 3, 3, 3, 3, 3, 3, 3, 3, 0, 0], [0, 0, 0, 3, 3, 3, 3, 3, 3, 3, 3, 0, 0, 3, 3, 3, 3, 3, 2, 3, 3, 3, 3, 3, 3, 0, 0], [0, 0, 0, 3, 3, 3, 3, 3, 3, 3, 2, 0, 0, 3, 3, 3, 2, 3, 3, 3, 3, 3, 3, 3, 3, 0, 2], [0, 0, 0, 3, 3, 3, 3, 2, 3, 3, 3, 0, 2, 3, 3, 2, 3, 3, 3, 3, 3, 3, 3, 3, 3, 0, 0], [0, 0, 0, 2, 3, 3, 3, 3, 3, 3, 3, 0, 0, 3, 3, 3, 3, 3, 3, 3, 3, 3, 3, 3, 3, 0, 0], [0, 0, 0, 3, 3, 3, 3, 3, 3, 3, 3, 0, 0, 3, 3, 3, 3, 3, 3, 3, 3, 3, 3, 3, 3, 0, 0], [0, 0, 0, 3, 3, 3, 2, 3, 3, 3, 3, 0, 0, 3, 3, 3, 3, 3, 3, 3, 3, 3, 3, 3, 3, 0, 0], [0, 0, 0, 3, 3, 3, 3, 3, 3, 3, 3, 0, 0, 3, 3, 2, 3, 3, 3, 3, 3, 3, 3, 3, 2, 0, 0], [0, 0, 0, 3, 3, 2, 2, 3, 3, 3, 3, 0, 0, 3, 3, 3, 3, 3, 3, 3, 3, 3, 3, 3, 3, 0, 0], [0, 0, 0, 3, 3, 3, 3, 3, 3, 3, 3, 0, 0, 0, 0, 0, 0, 0, 2, 2, 0, 0, 0, 0, 0, 0, 0], [0, 0, 0, 0, 0, 0, 0, 0, 0, 0, 0, 0, 0, 0, 0, 0, 0, 0, 2, 0, 0, 0, 0, 0, 0, 0, 0], [0, 0, 0, 0, 0, 0, 0, 0, 0, 0, 0, 0, 0, 3, 3, 3, 3, 3, 3, 3, 3, 3, 0, 0, 0, 0, 0], [0, 2, 0, 0, 0, 0, 0, 0, 0, 0, 0, 0, 0, 3, 3, 3, 3, 3, 2, 3, 2, 3, 0, 0, 0, 0, 0], [0, 0, 0, 0, 0, 0, 0, 0, 0, 2, 0, 0, 0, 3, 3, 3, 3, 3, 3, 3, 3, 3, 0, 0, 0, 0, 0], [0, 0, 0, 2, 0, 0, 0, 0, 0, 0, 0, 2, 0, 2, 3, 2, 2, 3, 3, 3, 3, 3, 0, 0, 0, 2, 0]]}]","[[0, 0, 0, 0, 0, 2, 0, 0, 0, 0, 0, 0, 1, 1, 1, 1, 2, 1, 3, 3, 3, 3, 3, 3, 3, 0, 0], [0, 0, 0, 0, 0, 0, 0, 0, 0, 0, 0, 0, 1, 2, 1, 1, 1, 1, 1, 1, 3, 3, 3, 3, 3, 0, 0], [0, 0, 0, 3, 3, 3, 3, 3, 3, 1, 1, 1, 1, 1, 1, 1, 1, 1, 2, 1, 3, 3, 3, 3, 3, 0, 0], [0, 0, 0, 3, 3, 3, 1, 1, 1, 1, 2, 1, 0, 3, 1, 1, 2, 1, 1, 1, 3, 3, 3, 3, 3, 0, 2], [0, 0, 1, 1, 1, 3, 1, 2, 1, 1, 1, 1, 2, 3, 1, 2, 1, 1, 3, 3, 3, 3, 3, 3, 3, 0, 0], [0, 0, 1, 2, 1, 3, 1, 1, 1, 3, 3, 0, 0, 3, 1, 1, 1, 3, 3, 3, 3, 3, 3, 3, 3, 0, 0], [0, 0, 1, 1, 1, 1, 1, 1, 3, 3, 3, 0, 0, 3, 3, 3, 3, 3, 3, 3, 3, 3, 3, 3, 3, 0, 0], [0, 0, 0, 3, 3, 1, 2, 1, 3, 3, 3, 0, 0, 3, 1, 1, 1, 3, 3, 3, 3, 3, 3, 1, 1, 1, 0], [0, 0, 0, 3, 1, 1, 1, 1, 3, 3, 3, 0, 0, 3, 1, 2, 1, 3, 3, 3, 3, 3, 3, 1, 2, 1, 0], [0, 0, 0, 3, 1, 2, 2, 1, 3, 3, 3, 0, 0, 3, 1, 1, 1, 3, 3, 3, 3, 3, 3, 1, 1, 1, 0], [0, 0, 0, 3, 1, 1, 1, 1, 3, 3, 3, 0, 0, 0, 0, 0, 0, 0, 2, 2, 0, 0, 0, 0, 0, 0, 0], [0, 0, 0, 0, 0, 0, 0, 0, 0, 0, 0, 0, 0, 0, 0, 0, 0, 0, 2, 0, 0, 0, 0, 0, 0, 0, 0], [0, 0, 0, 0, 0, 0, 0, 0, 0, 0, 0, 0, 0, 3, 3, 3, 3, 1, 1, 1, 1, 1, 0, 0, 0, 0, 0], [0, 2, 0, 0, 0, 0, 0, 0, 0, 0, 0, 0, 0, 3, 3, 3, 3, 1, 2, 1, 2, 1, 0, 0, 0, 0, 0], [0, 0, 0, 0, 0, 0, 0, 0, 0, 2, 0, 0, 1, 1, 1, 1, 1, 1, 1, 1, 1, 1, 0, 0, 0, 0, 0], [0, 0, 0, 2, 0, 0, 0, 0, 0, 0, 0, 2, 1, 2, 1, 2, 2, 1, 3, 3, 3, 3, 0, 0, 0, 2, 0]]",[[0]],False,41.43518518518518
e9c9d9a1,1,"[{'input': [[0, 0, 3, 0, 0, 0, 3, 0, 0, 3, 0, 0, 0, 0, 0], [0, 0, 3, 0, 0, 0, 3, 0, 0, 3, 0, 0, 0, 0, 0], [0, 0, 3, 0, 0, 0, 3, 0, 0, 3, 0, 0, 0, 0, 0], [3, 3, 3, 3, 3, 3, 3, 3, 3, 3, 3, 3, 3, 3, 3], [0, 0, 3, 0, 0, 0, 3, 0, 0, 3, 0, 0, 0, 0, 0], [0, 0, 3, 0, 0, 0, 3, 0, 0, 3, 0, 0, 0, 0, 0], [0, 0, 3, 0, 0, 0, 3, 0, 0, 3, 0, 0, 0, 0, 0], [3, 3, 3, 3, 3, 3, 3, 3, 3, 3, 3, 3, 3, 3, 3], [0, 0, 3, 0, 0, 0, 3, 0, 0, 3, 0, 0, 0, 0, 0], [0, 0, 3, 0, 0, 0, 3, 0, 0, 3, 0, 0, 0, 0, 0], [3, 3, 3, 3, 3, 3, 3, 3, 3, 3, 3, 3, 3, 3, 3], [0, 0, 3, 0, 0, 0, 3, 0, 0, 3, 0, 0, 0, 0, 0], [0, 0, 3, 0, 0, 0, 3, 0, 0, 3, 0, 0, 0, 0, 0], [0, 0, 3, 0, 0, 0, 3, 0, 0, 3, 0, 0, 0, 0, 0], [0, 0, 3, 0, 0, 0, 3, 0, 0, 3, 0, 0, 0, 0, 0]]}]","[[2, 2, 3, 0, 0, 0, 3, 0, 0, 3, 4, 4, 4, 4, 4], [2, 2, 3, 0, 0, 0, 3, 0, 0, 3, 4, 4, 4, 4, 4], [2, 2, 3, 0, 0, 0, 3, 0, 0, 3, 4, 4, 4, 4, 4], [3, 3, 3, 3, 3, 3, 3, 3, 3, 3, 3, 3, 3, 3, 3], [0, 0, 3, 7, 7, 7, 3, 7, 7, 3, 0, 0, 0, 0, 0], [0, 0, 3, 7, 7, 7, 3, 7, 7, 3, 0, 0, 0, 0, 0], [0, 0, 3, 7, 7, 7, 3, 7, 7, 3, 0, 0, 0, 0, 0], [3, 3, 3, 3, 3, 3, 3, 3, 3, 3, 3, 3, 3, 3, 3], [0, 0, 3, 7, 7, 7, 3, 7, 7, 3, 0, 0, 0, 0, 0], [0, 0, 3, 7, 7, 7, 3, 7, 7, 3, 0, 0, 0, 0, 0], [3, 3, 3, 3, 3, 3, 3, 3, 3, 3, 3, 3, 3, 3, 3], [1, 1, 3, 0, 0, 0, 3, 0, 0, 3, 8, 8, 8, 8, 8], [1, 1, 3, 0, 0, 0, 3, 0, 0, 3, 8, 8, 8, 8, 8], [1, 1, 3, 0, 0, 0, 3, 0, 0, 3, 8, 8, 8, 8, 8], [1, 1, 3, 0, 0, 0, 3, 0, 0, 3, 8, 8, 8, 8, 8]]",[[0]],False,31.11111111111111
ef26cbf6,1,"[{'input': [[1, 0, 0, 4, 0, 0, 0], [0, 1, 0, 4, 0, 6, 0], [1, 1, 0, 4, 0, 0, 0], [4, 4, 4, 4, 4, 4, 4], [0, 0, 1, 4, 0, 0, 0], [0, 1, 1, 4, 0, 2, 0], [1, 0, 0, 4, 0, 0, 0], [4, 4, 4, 4, 4, 4, 4], [1, 1, 0, 4, 0, 0, 0], [0, 1, 0, 4, 0, 8, 0], [1, 1, 1, 4, 0, 0, 0]]}]","[[6, 0, 0, 4, 0, 0, 0], [0, 6, 0, 4, 0, 6, 0], [6, 6, 0, 4, 0, 0, 0], [4, 4, 4, 4, 4, 4, 4], [0, 0, 2, 4, 0, 0, 0], [0, 2, 2, 4, 0, 2, 0], [2, 0, 0, 4, 0, 0, 0], [4, 4, 4, 4, 4, 4, 4], [8, 8, 0, 4, 0, 0, 0], [0, 8, 0, 4, 0, 8, 0], [8, 8, 8, 4, 0, 0, 0]]",[[0]],False,48.05194805194805
7ee1c6ea,1,"[{'input': [[7, 0, 1, 1, 7, 0, 0, 7, 7, 7], [1, 5, 5, 5, 5, 5, 5, 5, 5, 7], [1, 5, 0, 0, 1, 0, 1, 7, 5, 7], [0, 5, 7, 1, 7, 0, 1, 7, 5, 1], [7, 5, 7, 7, 0, 1, 7, 1, 5, 1], [7, 5, 0, 1, 7, 0, 7, 7, 5, 1], [1, 5, 7, 7, 1, 1, 1, 1, 5, 0], [0, 5, 1, 7, 7, 7, 7, 0, 5, 7], [0, 5, 5, 5, 5, 5, 5, 5, 5, 0], [0, 1, 7, 1, 0, 7, 0, 0, 7, 7]]}]","[[7, 0, 1, 1, 7, 0, 0, 7, 7, 7], [1, 5, 5, 5, 5, 5, 5, 5, 5, 7], [1, 5, 0, 0, 7, 0, 7, 1, 5, 7], [0, 5, 1, 7, 1, 0, 7, 1, 5, 1], [7, 5, 1, 1, 0, 7, 1, 7, 5, 1], [7, 5, 0, 7, 1, 0, 1, 1, 5, 1], [1, 5, 1, 1, 7, 7, 7, 7, 5, 0], [0, 5, 7, 1, 1, 1, 1, 0, 5, 7], [0, 5, 5, 5, 5, 5, 5, 5, 5, 0], [0, 1, 7, 1, 0, 7, 0, 0, 7, 7]]",[[0]],False,20.0
e9ac8c9e,1,"[{'input': [[6, 0, 0, 0, 0, 0, 0, 9, 0, 0, 0, 0, 0, 0, 0], [0, 5, 5, 5, 5, 5, 5, 0, 0, 0, 0, 0, 0, 0, 0], [0, 5, 5, 5, 5, 5, 5, 0, 0, 0, 0, 0, 0, 0, 0], [0, 5, 5, 5, 5, 5, 5, 0, 0, 0, 9, 0, 0, 7, 0], [0, 5, 5, 5, 5, 5, 5, 0, 0, 0, 0, 5, 5, 0, 0], [0, 5, 5, 5, 5, 5, 5, 0, 0, 0, 0, 5, 5, 0, 0], [0, 5, 5, 5, 5, 5, 5, 0, 0, 0, 2, 0, 0, 6, 0], [7, 0, 0, 0, 0, 0, 0, 8, 0, 0, 0, 0, 0, 0, 0], [0, 0, 0, 0, 0, 0, 0, 0, 0, 0, 0, 0, 0, 0, 0], [0, 0, 0, 0, 0, 6, 0, 0, 0, 0, 2, 0, 0, 0, 0], [0, 0, 0, 0, 0, 0, 5, 5, 5, 5, 0, 0, 0, 0, 0], [0, 0, 0, 0, 0, 0, 5, 5, 5, 5, 0, 0, 0, 0, 0], [0, 0, 0, 0, 0, 0, 5, 5, 5, 5, 0, 0, 0, 0, 0], [0, 0, 0, 0, 0, 0, 5, 5, 5, 5, 0, 0, 0, 0, 0], [0, 0, 0, 0, 0, 8, 0, 0, 0, 0, 3, 0, 0, 0, 0]]}]","[[0, 0, 0, 0, 0, 0, 0, 0, 0, 0, 0, 0, 0, 0, 0], [0, 6, 6, 6, 9, 9, 9, 0, 0, 0, 0, 0, 0, 0, 0], [0, 6, 6, 6, 9, 9, 9, 0, 0, 0, 0, 0, 0, 0, 0], [0, 6, 6, 6, 9, 9, 9, 0, 0, 0, 0, 0, 0, 0, 0], [0, 7, 7, 7, 8, 8, 8, 0, 0, 0, 0, 9, 7, 0, 0], [0, 7, 7, 7, 8, 8, 8, 0, 0, 0, 0, 2, 6, 0, 0], [0, 7, 7, 7, 8, 8, 8, 0, 0, 0, 0, 0, 0, 0, 0], [0, 0, 0, 0, 0, 0, 0, 0, 0, 0, 0, 0, 0, 0, 0], [0, 0, 0, 0, 0, 0, 0, 0, 0, 0, 0, 0, 0, 0, 0], [0, 0, 0, 0, 0, 0, 0, 0, 0, 0, 0, 0, 0, 0, 0], [0, 0, 0, 0, 0, 0, 6, 6, 2, 2, 0, 0, 0, 0, 0], [0, 0, 0, 0, 0, 0, 6, 6, 2, 2, 0, 0, 0, 0, 0], [0, 0, 0, 0, 0, 0, 8, 8, 3, 3, 0, 0, 0, 0, 0], [0, 0, 0, 0, 0, 0, 8, 8, 3, 3, 0, 0, 0, 0, 0], [0, 0, 0, 0, 0, 0, 0, 0, 0, 0, 0, 0, 0, 0, 0]]",[[0]],False,75.1111111111111
1a2e2828,1,"[{'input': [[0, 0, 0, 3, 3, 0, 0, 0, 0, 7, 0, 0, 0], [0, 0, 0, 3, 3, 0, 0, 0, 0, 7, 0, 0, 0], [1, 1, 1, 3, 3, 1, 1, 1, 1, 7, 1, 1, 1], [1, 1, 1, 3, 3, 1, 1, 1, 1, 7, 1, 1, 1], [0, 0, 0, 3, 3, 0, 0, 0, 0, 7, 0, 0, 0], [0, 0, 0, 3, 3, 0, 0, 0, 0, 7, 0, 0, 0], [6, 6, 6, 6, 6, 6, 6, 6, 6, 7, 6, 6, 6], [0, 0, 0, 3, 3, 0, 0, 0, 0, 7, 0, 0, 0], [0, 0, 0, 3, 3, 0, 0, 0, 0, 7, 0, 0, 0], [0, 0, 0, 3, 3, 0, 0, 0, 0, 7, 0, 0, 0], [0, 0, 0, 3, 3, 0, 0, 0, 0, 7, 0, 0, 0]]}]",[[7]],"[[0, 0, 0, 3, 3, 0, 0, 0, 0, 7, 0, 0, 0], [0, 0, 0, 3, 3, 0, 0, 0, 0, 7, 0, 0, 0], [1, 1, 1, 3, 3, 1, 1, 1, 1, 7, 1, 1, 1], [1, 1, 1, 3, 3, 1, 1, 1, 1, 7, 1, 1, 1], [0, 0, 0, 3, 3, 0, 0, 0, 0, 7, 0, 0, 0], [0, 0, 0, 3, 3, 0, 0, 0, 0, 7, 0, 0, 0], [6, 6, 6, 6, 6, 6, 6, 6, 6, 7, 6, 6, 6], [0, 0, 0, 3, 3, 0, 0, 0, 0, 7, 0, 0, 0], [0, 0, 0, 3, 3, 0, 0, 0, 0, 7, 0, 0, 0], [0, 0, 0, 3, 3, 0, 0, 0, 0, 7, 0, 0, 0], [0, 0, 0, 3, 3, 0, 0, 0, 0, 7, 0, 0, 0]]",False,55.24475524475524
770cc55f,1,"[{'input': [[7, 7, 7, 7, 7], [0, 0, 0, 0, 0], [0, 0, 0, 0, 0], [0, 0, 0, 0, 0], [0, 0, 0, 0, 0], [2, 2, 2, 2, 2], [0, 0, 0, 0, 0], [0, 0, 0, 0, 0], [0, 0, 0, 0, 0], [0, 0, 0, 0, 0], [0, 7, 7, 0, 0]]}]","[[7, 7, 7, 7, 7], [0, 4, 4, 0, 0], [0, 4, 4, 0, 0], [0, 4, 4, 0, 0], [0, 4, 4, 0, 0], [2, 2, 2, 2, 2], [0, 0, 0, 0, 0], [0, 0, 0, 0, 0], [0, 0, 0, 0, 0], [0, 0, 0, 0, 0], [0, 7, 7, 0, 0]]","[[7, 7, 7, 7, 7], [4, 4, 4, 4, 4], [4, 4, 4, 4, 4], [4, 4, 4, 4, 4], [4, 4, 4, 4, 4], [2, 2, 2, 2, 2], [0, 0, 0, 0, 0], [0, 0, 0, 0, 0], [0, 0, 0, 0, 0], [0, 0, 0, 0, 0], [0, 7, 7, 0, 0]]",False,78.18181818181819
03560426,1,"[{'input': [[0, 0, 0, 0, 0, 0, 0, 0, 0, 0], [0, 0, 0, 0, 0, 0, 0, 0, 0, 0], [0, 0, 0, 0, 0, 0, 0, 0, 0, 0], [0, 0, 0, 0, 0, 0, 0, 0, 0, 0], [0, 0, 0, 0, 0, 0, 0, 0, 0, 0], [0, 0, 0, 0, 0, 0, 0, 0, 0, 0], [7, 0, 0, 0, 0, 0, 0, 0, 0, 0], [7, 0, 8, 8, 0, 6, 0, 0, 0, 0], [7, 0, 8, 8, 0, 6, 0, 3, 3, 0], [7, 0, 8, 8, 0, 6, 0, 3, 3, 0]]}]","[[7, 0, 0, 0, 0, 0, 0, 0, 0, 0], [7, 0, 0, 0, 0, 0, 0, 0, 0, 0], [7, 0, 0, 0, 0, 0, 0, 0, 0, 0], [8, 8, 0, 0, 0, 0, 0, 0, 0, 0], [8, 8, 0, 0, 0, 0, 0, 0, 0, 0], [8, 6, 0, 0, 0, 0, 0, 0, 0, 0], [0, 6, 0, 0, 0, 0, 0, 0, 0, 0], [0, 3, 3, 0, 0, 0, 0, 0, 0, 0], [0, 3, 3, 0, 0, 0, 0, 0, 0, 0], [0, 0, 0, 0, 0, 0, 0, 0, 0, 0]]",[[0]],False,86.0
