file_name,final_solution,match,accuracy
00576224,"[[3, 2, 3, 2, 3, 2], [7, 8, 7, 8, 7, 8], [2, 3, 2, 3, 2, 3], [8, 7, 8, 7, 8, 7], [3, 2, 3, 2, 3, 2], [7, 8, 7, 8, 7, 8]]",True,100.0
762cd429,"[[0, 0, 0, 0, 0, 0, 0, 0, 0, 0, 0, 0, 0, 0, 0, 0, 0, 0, 0, 0, 0, 0, 0, 0, 0, 0, 0, 0, 0, 0], [0, 0, 0, 0, 0, 0, 0, 0, 0, 0, 0, 0, 0, 0, 0, 0, 0, 0, 0, 0, 0, 0, 0, 0, 0, 0, 0, 0, 0], [0, 0, 0, 0, 0, 0, 0, 0, 0, 0, 0, 0, 0, 0, 0, 0, 0, 0, 0, 0, 0, 0, 0, 0, 0, 0, 0, 0, 0], [0, 0, 0, 0, 0, 0, 0, 0, 0, 0, 0, 0, 0, 0, 0, 0, 0, 0, 0, 0, 0, 0, 0, 0, 0, 0, 0, 0, 0], [1, 1, 1, 1, 1, 1, 1, 1, 1, 1, 1, 1, 1, 1, 1, 1, 1, 1, 1, 1, 1, 1, 1, 1, 1, 1, 1, 1, 1], [0, 0, 0, 0, 0, 0, 0, 0, 0, 0, 0, 0, 0, 0, 0, 0, 0, 0, 0, 0, 0, 0, 0, 0, 0, 0, 0, 0, 0], [0, 0, 0, 0, 0, 0, 0, 0, 0, 0, 0, 0, 0, 0, 0, 0, 0, 0, 0, 0, 0, 0, 0, 0, 0, 0, 0, 0, 0], [0, 0, 0, 0, 0, 0, 0, 0, 0, 0, 0, 0, 0, 0, 0, 0, 0, 0, 0, 0, 0, 0, 0, 0, 0, 0, 0, 0, 0], [0, 0, 0, 0, 0, 0, 0, 0, 0, 0, 0, 0, 0, 0, 0, 0, 0, 0, 0, 0, 0, 0, 0, 0, 0, 0, 0, 0, 0], [0, 0, 0, 0, 0, 0, 0, 0, 0, 0, 0, 0, 0, 0, 0, 0, 0, 0, 0, 0, 0, 0, 0, 0, 0, 0, 0, 0, 0], [0, 0, 0, 0, 0, 0, 0, 0, 0, 0, 0, 0, 0, 0, 0, 0, 0, 0, 0, 0, 0, 0, 0, 0, 0, 0, 0, 0, 0], [0, 0, 0, 0, 0, 0, 0, 0, 0, 0, 0, 0, 0, 0, 0, 0, 0, 0, 0, 0, 0, 0, 0, 0, 0, 0, 0, 0, 0], [0, 0, 0, 0, 0, 0, 0, 0, 0, 0, 0, 0, 0, 0, 0, 0, 0, 0, 0, 0, 0, 0, 0, 0, 0, 0, 0, 0, 0], [0, 0, 0, 0, 0, 0, 0, 0, 0, 0, 0, 0, 0, 0, 0, 0, 0, 0, 0, 0, 0, 0, 0, 0, 0, 0, 0, 0, 0], [0, 0, 0, 0, 0, 0, 0, 0, 0, 0, 0, 0, 0, 0, 0, 0, 0, 0, 0, 0, 0, 0, 0, 0, 0, 0, 0, 0, 0], [0, 0, 0, 0, 0, 0, 0, 0, 0, 0, 0, 0, 0, 0, 0, 0, 0, 0, 0, 0, 0, 0, 0, 0, 0, 0, 0, 0, 0]]",False,32.708333333333336
0607ce86,"[[0, 0, 0, 3, 0, 0, 0, 0, 0, 0, 0, 0, 0, 0, 0, 0, 0, 0, 0, 0, 0, 0], [0, 2, 2, 8, 8, 2, 0, 2, 2, 8, 2, 2, 0, 0, 2, 8, 2, 2, 0, 0, 0, 0], [0, 0, 3, 8, 8, 3, 0, 0, 3, 8, 8, 3, 0, 0, 3, 8, 8, 3, 0, 0, 0, 0], [0, 0, 3, 8, 8, 3, 0, 0, 3, 8, 8, 3, 0, 0, 3, 8, 8, 3, 0, 0, 0, 0], [8, 8, 8, 8, 3, 8, 0, 8, 8, 8, 8, 8, 0, 8, 8, 8, 8, 8, 0, 0, 0, 0], [0, 8, 8, 8, 8, 8, 0, 8, 8, 8, 8, 8, 0, 8, 8, 8, 8, 8, 0, 0, 0, 0], [0, 0, 0, 0, 0, 0, 0, 0, 0, 0, 0, 0, 0, 0, 0, 0, 0, 0, 0, 0, 0, 0], [0, 0, 0, 0, 0, 0, 0, 0, 0, 0, 0, 0, 0, 0, 0, 0, 0, 3, 0, 0, 0, 0], [0, 2, 2, 8, 2, 2, 0, 2, 2, 2, 2, 2, 0, 2, 2, 8, 2, 2, 0, 0, 0, 0], [0, 0, 3, 8, 8, 3, 0, 0, 3, 8, 8, 3, 0, 0, 3, 8, 8, 3, 0, 0, 0, 0], [0, 0, 3, 8, 8, 3, 0, 0, 3, 8, 8, 3, 0, 0, 3, 8, 8, 3, 0, 0, 0, 0], [0, 8, 8, 8, 8, 8, 8, 8, 8, 8, 8, 8, 0, 8, 8, 8, 8, 8, 0, 0, 0, 0], [0, 8, 8, 8, 8, 8, 0, 8, 8, 8, 8, 8, 0, 8, 8, 8, 8, 8, 0, 0, 0, 0], [0, 0, 0, 0, 0, 0, 0, 0, 0, 0, 0, 0, 0, 0, 0, 3, 0, 0, 0, 0, 0, 0], [0, 0, 0, 0, 0, 0, 0, 0, 0, 0, 0, 0, 0, 0, 0, 0, 0, 0, 0, 0, 0, 0], [0, 2, 2, 8, 2, 2, 0, 2, 2, 8, 2, 2, 0, 2, 2, 8, 2, 2, 0, 0, 0, 0], [0, 0, 3, 8, 8, 3, 0, 0, 3, 8, 8, 3, 0, 0, 3, 8, 8, 3, 0, 0, 0, 0], [0, 0, 3, 3, 3, 3, 0, 0, 3, 8, 8, 3, 0, 0, 3, 8, 8, 3, 0, 0, 0, 0], [0, 0, 8, 8, 8, 8, 0, 8, 8, 8, 3, 8, 0, 8, 8, 8, 8, 8, 0, 0, 0, 0], [0, 8, 8, 8, 8, 8, 0, 8, 8, 8, 8, 8, 0, 0, 8, 8, 8, 8, 0, 0, 0, 0], [0, 0, 0, 0, 0, 0, 0, 0, 0, 0, 0, 0, 0, 0, 0, 0, 0, 0, 0, 0, 0, 0], [0, 0, 0, 0, 0, 0, 0, 0, 0, 0, 0, 0, 0, 0, 0, 0, 0, 0, 0, 0, 0, 0], [0, 0, 0, 0, 0, 0, 0, 0, 0, 0, 0, 0, 0, 0, 0, 0, 0, 0, 0, 0, 0, 0], [0, 0, 0, 0, 0, 0, 0, 0, 0, 0, 0, 0, 0, 0, 0, 0, 0, 0, 0, 0, 0, 0]]",False,90.9090909090909
358ba94e,"[[0, 1, 1, 1, 1], [1, 1, 1, 1, 0], [1, 1, 1, 1, 1], [1, 1, 1, 1, 1], [1, 1, 1, 1, 1]]",False,76.0
55059096,"[[0, 0, 3, 0, 0, 0, 0, 0, 0, 0, 0, 0, 0], [0, 3, 2, 3, 0, 0, 0, 0, 0, 0, 0, 0, 0], [0, 0, 3, 0, 0, 0, 0, 0, 0, 0, 0, 0, 0], [0, 0, 0, 0, 0, 0, 0, 0, 0, 0, 0, 0, 0], [0, 0, 0, 0, 0, 0, 0, 0, 0, 0, 0, 0, 0], [0, 0, 0, 0, 0, 0, 0, 0, 0, 0, 0, 0, 0], [0, 0, 0, 0, 0, 0, 0, 0, 3, 0, 0, 0, 0], [0, 0, 0, 0, 0, 0, 0, 3, 2, 3, 0, 0, 0], [0, 0, 0, 0, 0, 0, 0, 0, 3, 0, 0, 0, 0], [0, 0, 0, 0, 0, 0, 0, 0, 0, 0, 0, 0, 0], [0, 0, 0, 0, 3, 0, 0, 0, 0, 0, 0, 0, 0], [0, 0, 0, 3, 2, 3, 0, 0, 0, 0, 0, 0, 0], [0, 0, 0, 0, 3, 0, 0, 0, 0, 0, 0, 0, 0], [0, 0, 0, 0, 0, 0, 0, 0, 0, 0, 3, 0, 0], [0, 0, 0, 0, 0, 0, 0, 0, 0, 3, 2, 3, 0], [0, 0, 0, 0, 0, 0, 0, 0, 0, 0, 3, 0, 0], [0, 0, 0, 0, 0, 0, 0, 0, 0, 0, 0, 0, 0]]",False,94.57013574660633
e7639916,"[[0, 0, 0, 0, 0, 0, 0, 0, 0, 0, 0, 0, 0], [0, 0, 0, 0, 0, 0, 0, 0, 0, 0, 0, 0, 0], [0, 0, 0, 0, 0, 0, 0, 0, 0, 0, 0, 0, 0], [0, 0, 0, 8, 1, 1, 1, 1, 1, 1, 1, 1, 0], [0, 0, 0, 1, 0, 0, 0, 0, 0, 0, 0, 1, 0], [0, 0, 0, 1, 0, 0, 0, 0, 0, 0, 0, 8, 0], [0, 0, 0, 1, 0, 0, 0, 0, 0, 0, 0, 1, 0], [0, 0, 0, 1, 0, 0, 0, 0, 0, 0, 0, 1, 0], [0, 0, 0, 1, 0, 0, 0, 0, 0, 0, 0, 1, 0], [0, 0, 0, 1, 0, 0, 0, 0, 0, 0, 0, 1, 0], [0, 0, 0, 1, 0, 0, 0, 0, 0, 0, 0, 1, 0], [0, 0, 0, 1, 0, 0, 0, 0, 0, 0, 0, 1, 0], [0, 0, 0, 1, 1, 1, 1, 1, 8, 1, 1, 1, 0], [0, 0, 0, 0, 0, 0, 0, 0, 0, 0, 0, 0, 0]]",True,100.0
09c534e7,"[[0, 0, 0, 0, 0, 0, 0, 0, 0, 0, 0, 0, 0, 0, 0, 0, 0, 0, 0, 0, 0, 0, 0, 0, 0, 0, 0, 0, 0, 0], [0, 0, 0, 0, 0, 0, 0, 0, 1, 1, 4, 1, 1, 0, 0, 0, 0, 0, 0, 0, 0, 0, 0, 1, 1, 1, 1, 1, 1, 0], [0, 0, 1, 1, 1, 1, 0, 0, 1, 4, 4, 4, 1, 0, 0, 1, 1, 1, 1, 1, 1, 0, 0, 1, 1, 1, 1, 1, 1, 0], [0, 0, 1, 1, 1, 1, 1, 1, 1, 1, 4, 1, 1, 1, 1, 1, 1, 1, 1, 1, 1, 1, 1, 1, 1, 1, 1, 1, 1, 0], [0, 0, 1, 1, 1, 1, 0, 0, 1, 1, 1, 1, 1, 0, 0, 1, 1, 1, 1, 1, 1, 0, 0, 1, 1, 1, 1, 1, 1, 0], [0, 0, 1, 1, 1, 1, 0, 0, 1, 1, 1, 1, 1, 0, 0, 1, 1, 1, 1, 1, 1, 0, 0, 1, 1, 1, 1, 1, 1, 0], [0, 0, 0, 0, 0, 0, 0, 0, 1, 1, 1, 1, 1, 0, 0, 0, 0, 0, 1, 0, 0, 0, 0, 1, 1, 1, 1, 1, 1, 0], [0, 0, 0, 0, 0, 0, 0, 0, 0, 0, 1, 0, 0, 0, 0, 0, 1, 1, 1, 1, 0, 0, 0, 0, 0, 0, 1, 0, 0, 0], [0, 0, 0, 0, 1, 1, 1, 1, 0, 1, 1, 1, 0, 0, 0, 0, 1, 1, 1, 1, 0, 0, 0, 0, 1, 1, 1, 1, 0, 0], [0, 0, 0, 0, 1, 1, 1, 1, 1, 1, 1, 1, 0, 0, 0, 0, 1, 1, 1, 1, 0, 0, 0, 0, 1, 1, 1, 1, 0, 0], [0, 0, 0, 0, 1, 1, 1, 1, 0, 1, 1, 1, 0, 0, 0, 0, 0, 0, 0, 0, 0, 0, 0, 0, 1, 1, 1, 1, 0, 0], [0, 0, 0, 0, 0, 1, 0, 0, 0, 1, 1, 1, 0, 0, 0, 0, 0, 0, 0, 0, 0, 0, 0, 0, 1, 1, 1, 1, 0, 0], [0, 0, 0, 0, 1, 1, 1, 0, 0, 0, 0, 0, 0, 0, 0, 0, 0, 0, 0, 0, 0, 0, 0, 0, 0, 0, 0, 0, 0, 0], [0, 0, 0, 0, 1, 1, 1, 0, 0, 0, 0, 0, 0, 0, 0, 1, 1, 1, 1, 1, 0, 0, 0, 0, 0, 0, 0, 0, 0, 0], [0, 0, 0, 0, 1, 1, 1, 0, 0, 0, 0, 0, 0, 0, 0, 1, 8, 1, 1, 1, 0, 1, 1, 1, 1, 0, 0, 0, 0, 0], [0, 0, 0, 0, 0, 0, 0, 0, 0, 1, 1, 1, 0, 0, 0, 1, 1, 1, 1, 1, 1, 1, 1, 1, 1, 0, 0, 0, 0, 0], [0, 0, 0, 0, 0, 0, 0, 0, 0, 1, 1, 1, 0, 0, 0, 1, 1, 1, 1, 1, 0, 1, 1, 1, 1, 0, 0, 0, 0, 0], [0, 0, 0, 0, 0, 0, 0, 0, 0, 1, 1, 1, 0, 0, 0, 1, 1, 1, 1, 1, 0, 0, 0, 0, 0, 0, 0, 0, 0, 0], [0, 0, 0, 0, 0, 0, 0, 0, 0, 0, 1, 0, 0, 0, 0, 0, 1, 0, 0, 0, 0, 0, 0, 0, 0, 0, 0, 0, 0, 0], [0, 0, 0, 0, 0, 0, 0, 0, 0, 1, 1, 1, 1, 1, 1, 1, 1, 1, 1, 1, 1, 0, 0, 0, 0, 0, 0, 0, 0, 0], [0, 1, 1, 1, 0, 1, 1, 1, 0, 1, 1, 1, 1, 1, 1, 1, 1, 1, 1, 1, 1, 0, 0, 0, 0, 1, 1, 6, 1, 0], [0, 1, 1, 1, 1, 1, 1, 1, 0, 1, 1, 1, 1, 1, 1, 1, 1, 1, 1, 1, 1, 0, 0, 0, 0, 1, 6, 6, 6, 0], [0, 1, 1, 1, 0, 1, 1, 1, 1, 1, 1, 1, 1, 1, 1, 1, 1, 1, 1, 1, 1, 0, 0, 0, 0, 1, 1, 6, 1, 0], [0, 0, 0, 0, 0, 1, 1, 1, 0, 1, 1, 1, 1, 1, 1, 1, 1, 1, 1, 1, 1, 0, 0, 0, 0, 1, 1, 1, 1, 0], [0, 0, 0, 0, 0, 0, 0, 0, 0, 1, 1, 1, 1, 1, 1, 1, 1, 1, 1, 1, 1, 0, 0, 0, 0, 1, 1, 1, 1, 0], [0, 0, 0, 0, 0, 0, 0, 0, 0, 1, 1, 1, 1, 1, 1, 1, 1, 1, 1, 1, 1, 0, 0, 0, 0, 0, 0, 1, 0, 0], [0, 0, 1, 1, 1, 1, 0, 0, 0, 0, 0, 0, 0, 0, 0, 0, 0, 0, 0, 0, 0, 0, 0, 0, 0, 1, 1, 1, 1, 0], [0, 0, 1, 1, 1, 1, 0, 0, 1, 1, 1, 1, 0, 0, 0, 1, 1, 1, 1, 0, 0, 0, 0, 0, 0, 1, 1, 1, 1, 0], [0, 0, 1, 1, 1, 1, 1, 1, 1, 1, 1, 1, 1, 1, 1, 1, 1, 1, 1, 1, 1, 1, 1, 1, 1, 1, 1, 1, 1, 0], [0, 0, 1, 1, 1, 1, 0, 0, 1, 1, 1, 1, 0, 0, 0, 1, 1, 1, 1, 0, 0, 0, 0, 0, 0, 1, 1, 1, 1, 0]]",False,85.66666666666667
0a1d4ef5,[[-1]],False,0.0
1c0d0a4b,"[[0, 0, 0, 0, 0, 0, 0, 0, 0, 0, 0, 0, 0], [2, 0, 0, 0, 2, 0, 0, 0, 0, 2, 0, 0, 0], [2, 0, 0, 0, 2, 0, 2, 0, 0, 0, 2, 0, 0], [2, 2, 2, 0, 2, 0, 0, 0, 2, 0, 2, 0, 0], [0, 0, 0, 0, 0, 0, 0, 0, 0, 0, 0, 0, 0], [2, 0, 0, 0, 2, 0, 0, 0, 2, 0, 2, 0, 0], [2, 2, 0, 0, 0, 0, 0, 0, 2, 0, 0, 0, 0], [0, 2, 2, 0, 2, 0, 2, 0, 0, 2, 0, 0, 0], [0, 0, 0, 0, 0, 0, 0, 0, 0, 0, 0, 0, 0], [2, 0, 0, 0, 2, 0, 0, 0, 0, 0, 0, 0, 0], [2, 2, 0, 0, 2, 2, 0, 0, 2, 0, 2, 0, 0], [0, 2, 0, 0, 0, 2, 2, 0, 2, 0, 0, 0, 0], [0, 0, 0, 0, 0, 0, 0, 0, 0, 0, 0, 0, 0]]",False,68.63905325443787
310f3251,"[[0, 2, 0, 0, 2, 0, 0, 2, 0, 0, 2, 0], [0, 0, 0, 0, 0, 0, 0, 0, 0, 0, 0, 0], [0, 0, 0, 0, 0, 0, 0, 0, 0, 0, 0, 0], [0, 2, 0, 0, 2, 0, 4, 2, 4, 0, 2, 0], [0, 0, 0, 0, 0, 0, 4, 4, 4, 0, 0, 0], [0, 0, 0, 0, 0, 0, 4, 4, 4, 0, 0, 0], [0, 2, 0, 0, 2, 0, 0, 2, 0, 0, 2, 0], [0, 0, 0, 0, 0, 0, 0, 0, 0, 0, 0, 0], [0, 0, 0, 0, 0, 0, 0, 0, 0, 0, 0, 0], [4, 2, 4, 0, 2, 0, 0, 2, 0, 0, 2, 0], [4, 4, 4, 0, 0, 0, 0, 0, 0, 0, 0, 0], [4, 4, 4, 0, 0, 0, 0, 0, 0, 0, 0, 0]]",False,62.5
692cd3b6,"[[0, 0, 0, 0, 0, 0, 0, 0, 0, 0, 0, 0, 0, 0, 0], [0, 0, 4, 4, 4, 4, 4, 4, 4, 2, 2, 2, 0, 0, 0], [0, 0, 4, 4, 4, 4, 4, 4, 4, 2, 5, 4, 0, 0, 0], [0, 0, 4, 4, 4, 4, 4, 4, 4, 2, 2, 2, 0, 0, 0], [0, 0, 4, 4, 4, 4, 4, 4, 4, 4, 4, 4, 0, 0, 0], [0, 0, 4, 4, 4, 4, 4, 4, 4, 4, 4, 4, 0, 0, 0], [0, 0, 4, 4, 4, 4, 4, 4, 4, 4, 4, 4, 0, 0, 0], [0, 0, 4, 4, 4, 4, 4, 4, 4, 4, 4, 4, 0, 0, 0], [0, 0, 4, 4, 4, 4, 4, 4, 4, 4, 4, 4, 0, 0, 0], [0, 0, 4, 4, 4, 4, 4, 4, 4, 4, 4, 4, 0, 0, 0], [0, 0, 2, 2, 2, 4, 4, 4, 4, 4, 4, 4, 0, 0, 0], [0, 0, 4, 5, 2, 4, 4, 4, 4, 4, 4, 4, 0, 0, 0], [0, 0, 2, 2, 2, 4, 4, 4, 4, 4, 4, 4, 0, 0, 0], [0, 0, 0, 0, 0, 0, 0, 0, 0, 0, 0, 0, 0, 0, 0], [0, 0, 0, 0, 0, 0, 0, 0, 0, 0, 0, 0, 0, 0, 0]]",False,74.22222222222223
1da012fc,"[[0, 0, 0, 0, 0, 0, 0, 0, 0, 0, 0, 0, 0, 0, 0, 0, 0, 0, 0, 0, 0, 0, 0, 0, 0], [0, 0, 0, 2, 2, 0, 0, 0, 0, 2, 2, 2, 0, 0, 0, 0, 0, 0, 0, 0, 0, 0, 0, 0, 0], [0, 0, 2, 2, 2, 2, 0, 0, 2, 0, 2, 0, 2, 0, 0, 0, 0, 0, 0, 0, 0, 0, 0, 0, 0], [0, 0, 0, 2, 2, 0, 0, 0, 0, 0, 2, 0, 0, 0, 0, 0, 0, 0, 0, 0, 0, 0, 0, 0, 0], [0, 0, 0, 0, 0, 0, 0, 0, 0, 0, 0, 0, 0, 0, 0, 0, 0, 0, 0, 0, 0, 0, 0, 0, 0], [0, 0, 0, 0, 0, 0, 0, 0, 0, 0, 0, 0, 0, 0, 0, 0, 0, 0, 0, 0, 0, 0, 0, 0, 0], [0, 0, 0, 0, 0, 0, 0, 0, 0, 0, 0, 0, 0, 0, 0, 0, 0, 0, 0, 0, 0, 0, 0, 0, 0], [0, 0, 0, 0, 0, 0, 2, 2, 2, 0, 0, 0, 0, 0, 0, 0, 0, 0, 0, 0, 0, 0, 0, 0, 0], [0, 0, 0, 0, 0, 2, 2, 0, 2, 2, 0, 0, 0, 0, 0, 0, 0, 0, 0, 0, 0, 0, 0, 0, 0], [0, 0, 0, 0, 0, 0, 2, 2, 2, 0, 0, 0, 0, 0, 0, 0, 5, 5, 5, 5, 5, 5, 5, 5, 0], [0, 0, 0, 0, 0, 0, 0, 0, 0, 0, 0, 0, 0, 0, 0, 0, 5, 3, 5, 5, 5, 4, 5, 5, 0], [0, 0, 0, 0, 0, 0, 0, 0, 0, 0, 0, 0, 0, 0, 0, 0, 5, 5, 5, 5, 5, 5, 5, 5, 0], [0, 0, 0, 0, 0, 0, 0, 0, 0, 0, 0, 0, 0, 0, 0, 0, 5, 5, 5, 5, 5, 5, 5, 5, 0], [0, 0, 0, 2, 0, 0, 0, 0, 0, 0, 2, 0, 0, 2, 0, 0, 5, 5, 5, 4, 5, 5, 5, 5, 0], [0, 0, 2, 2, 2, 0, 0, 0, 0, 2, 2, 2, 2, 2, 2, 0, 5, 5, 5, 5, 5, 5, 5, 5, 0], [0, 0, 0, 2, 0, 0, 0, 0, 0, 0, 0, 2, 2, 0, 0, 0, 5, 5, 5, 5, 5, 5, 5, 5, 0], [0, 0, 0, 0, 0, 0, 0, 0, 0, 0, 0, 0, 0, 0, 0, 0, 5, 1, 5, 5, 5, 6, 5, 5, 0], [0, 0, 0, 0, 0, 0, 0, 0, 0, 0, 0, 0, 0, 0, 0, 0, 5, 5, 5, 5, 5, 5, 5, 5, 0], [0, 0, 0, 0, 0, 0, 0, 0, 0, 0, 0, 0, 0, 0, 0, 0, 5, 5, 5, 5, 5, 5, 5, 5, 0]]",False,91.36842105263158
66e6c45b,"[[2, 0, 0, 3], [0, 0, 0, 0], [0, 0, 0, 0], [4, 0, 0, 9]]",True,100.0
3194b014,"[[0, 0, 0], [0, 0, 0], [0, 0, 0]]",False,0.0
963f59bc,"[[0, 0, 0, 0, 0, 0, 0, 0, 0, 0, 0, 0, 0, 0, 0, 0], [0, 0, 0, 1, 0, 0, 0, 0, 0, 0, 0, 3, 0, 0, 0, 0], [0, 0, 1, 1, 0, 0, 0, 0, 0, 0, 0, 0, 0, 0, 0, 0], [1, 1, 0, 1, 0, 0, 0, 0, 0, 0, 0, 0, 0, 0, 0, 0], [0, 0, 1, 0, 0, 0, 0, 0, 0, 0, 0, 0, 0, 0, 0, 0], [0, 0, 0, 0, 0, 0, 0, 0, 0, 0, 0, 0, 0, 0, 0, 0], [0, 0, 0, 0, 0, 0, 0, 0, 0, 0, 0, 0, 0, 0, 0, 0], [0, 0, 0, 0, 0, 0, 0, 0, 0, 0, 0, 0, 0, 0, 0, 0], [0, 0, 0, 0, 0, 0, 0, 0, 0, 0, 0, 0, 0, 0, 0, 0], [0, 6, 0, 0, 0, 0, 0, 0, 0, 0, 0, 0, 0, 0, 0, 0], [0, 0, 0, 0, 0, 0, 0, 0, 0, 0, 0, 0, 0, 0, 0, 0], [0, 0, 0, 0, 0, 0, 0, 0, 0, 0, 0, 0, 0, 0, 0, 0], [0, 0, 0, 0, 0, 0, 0, 0, 0, 0, 0, 0, 0, 0, 0, 0], [0, 0, 0, 0, 0, 0, 0, 0, 0, 0, 0, 0, 0, 0, 0, 0]]",False,94.64285714285714
d37a1ef5,"[[0, 0, 0, 0, 0, 0, 0, 0, 0, 0, 0, 0], [0, 0, 2, 2, 2, 2, 2, 2, 2, 2, 2, 0], [0, 0, 2, 2, 2, 2, 2, 2, 2, 2, 2, 0], [0, 0, 2, 2, 5, 2, 2, 2, 2, 2, 2, 0], [0, 0, 2, 2, 2, 2, 2, 5, 2, 2, 2, 0], [0, 0, 2, 2, 2, 2, 5, 2, 2, 2, 2, 0], [0, 0, 2, 2, 2, 5, 2, 2, 2, 2, 2, 0], [0, 0, 2, 2, 2, 2, 2, 2, 2, 2, 2, 0], [0, 0, 2, 2, 2, 2, 2, 2, 2, 2, 2, 0], [0, 0, 2, 2, 2, 2, 2, 2, 2, 2, 2, 0], [0, 0, 0, 0, 0, 0, 0, 0, 0, 0, 0, 0], [0, 0, 0, 0, 0, 0, 0, 0, 0, 0, 0, 0], [0, 0, 0, 0, 0, 0, 0, 0, 0, 0, 0, 0]]",False,92.3076923076923
3979b1a8,"[[5, 1, 1, 1, 5, 5, 9, 1, 5, 9], [1, 1, 9, 1, 1, 5, 9, 1, 5, 9], [1, 9, 9, 9, 1, 5, 9, 1, 5, 9], [1, 1, 9, 1, 1, 5, 9, 1, 5, 9], [5, 1, 1, 1, 5, 5, 9, 1, 5, 9], [5, 5, 5, 5, 5, 9, 9, 1, 5, 9], [9, 9, 9, 9, 9, 9, 1, 1, 5, 9], [1, 1, 1, 1, 1, 1, 1, 5, 5, 9], [5, 5, 5, 5, 5, 5, 5, 5, 9, 9], [9, 9, 9, 9, 9, 9, 9, 9, 9, 1]]",True,100.0
f3cdc58f,"[[1, 2, 3, 4, 5, 6, 7, 8, 9, 10], [1, 2, 3, 4, 5, 6, 7, 8, 9, 10], [1, 2, 3, 4, 5, 6, 7, 8, 9, 10], [1, 2, 3, 4, 5, 6, 7, 8, 9, 10], [1, 2, 3, 4, 5, 6, 7, 8, 9, 10], [1, 2, 3, 4, 5, 6, 7, 8, 9, 10], [1, 2, 3, 4, 5, 6, 7, 8, 9, 10], [1, 2, 3, 4, 5, 6, 7, 8, 9, 10], [1, 2, 3, 4, 5, 6, 7, 8, 9, 10], [1, 2, 3, 4, 5, 6, 7, 8, 9, 10]]",False,25.0
85fa5666,"[[0, 0, 3, 0, 0, 8, 0, 0], [0, 0, 0, 2, 2, 0, 0, 0], [0, 0, 0, 2, 2, 0, 0, 0], [0, 0, 7, 0, 0, 6, 0, 0], [7, 0, 0, 6, 0, 0, 0, 0], [0, 2, 2, 0, 0, 0, 0, 0], [0, 2, 2, 0, 0, 0, 0, 0], [8, 0, 0, 3, 0, 0, 0, 0]]",False,75.0
a680ac02,"[[3, 3, 3, 3], [3, 0, 0, 3], [3, 0, 0, 3], [3, 3, 3, 3, 2, 2, 2, 2, 2, 0, 0, 2, 2, 0, 0, 2, 2, 2, 2, 2, 1, 1, 1, 1, 1, 0, 0, 1, 1, 0, 0, 1, 1, 1, 1, 1]]",False,33.33333333333333
b9630600,"[[0, 0, 0, 0, 0, 0, 0, 0, 0, 0, 0, 0, 0, 0, 0, 0, 0, 0, 0, 0, 0, 0, 0, 0, 0, 0, 0, 0, 0, 0], [0, 0, 0, 0, 0, 0, 0, 0, 0, 0, 0, 0, 0, 0, 0, 0, 0, 0, 0, 0, 0, 0, 0, 0, 0, 0, 0, 0, 0, 0], [0, 0, 0, 0, 0, 0, 0, 0, 0, 0, 0, 0, 0, 0, 0, 0, 0, 0, 0, 0, 0, 0, 0, 0, 0, 0, 0, 0, 0, 0], [0, 0, 0, 0, 0, 0, 0, 0, 0, 0, 0, 0, 0, 0, 0, 0, 0, 0, 0, 0, 0, 0, 0, 0, 0, 3, 0, 3, 0, 0], [0, 0, 0, 0, 0, 0, 0, 0, 0, 0, 0, 0, 0, 0, 0, 0, 3, 0, 0, 3, 0, 0, 0, 0, 0, 0, 0, 0, 0, 0], [0, 0, 0, 0, 0, 3, 0, 0, 0, 0, 3, 0, 0, 0, 0, 0, 0, 0, 0, 0, 0, 0, 0, 0, 0, 0, 0, 0, 0, 0], [0, 0, 0, 0, 0, 0, 0, 0, 0, 0, 0, 0, 0, 0, 0, 0, 0, 0, 0, 0, 0, 0, 0, 0, 0, 0, 0, 0, 0, 0], [0, 0, 0, 0, 0, 0, 0, 0, 0, 0, 0, 0, 0, 0, 0, 0, 0, 0, 0, 0, 0, 0, 0, 0, 0, 0, 0, 0, 0, 0], [0, 0, 0, 0, 0, 0, 0, 0, 0, 0, 0, 0, 0, 0, 0, 0, 0, 0, 0, 0, 0, 0, 0, 0, 0, 0, 0, 0, 0, 0], [0, 0, 0, 0, 0, 3, 0, 0, 0, 0, 3, 0, 0, 0, 0, 0, 0, 0, 0, 0, 0, 0, 0, 0, 0, 0, 0, 0, 0, 0], [0, 0, 0, 0, 0, 0, 0, 0, 0, 0, 0, 0, 0, 0, 0, 0, 3, 0, 0, 3, 0, 0, 0, 0, 0, 0, 0, 0, 0, 0], [0, 0, 0, 0, 0, 0, 0, 0, 0, 0, 0, 0, 0, 0, 0, 0, 0, 0, 0, 0, 0, 0, 0, 0, 0, 3, 0, 3, 0, 0], [0, 0, 0, 0, 0, 0, 0, 0, 0, 0, 0, 0, 0, 0, 0, 0, 3, 3, 3, 3, 0, 0, 0, 0, 0, 0, 0, 0, 0, 0], [0, 0, 0, 0, 0, 0, 0, 0, 0, 0, 0, 0, 0, 0, 0, 0, 0, 0, 0, 0, 0, 0, 0, 0, 0, 3, 3, 3, 0, 0], [0, 0, 0, 0, 0, 0, 0, 0, 0, 0, 0, 0, 0, 0, 0, 0, 0, 3, 3, 0, 0, 0, 0, 0, 0, 0, 0, 0, 0, 0], [0, 0, 0, 0, 0, 0, 0, 0, 0, 0, 0, 0, 0, 0, 0, 0, 0, 0, 0, 0, 0, 0, 0, 0, 0, 0, 3, 0, 0, 0], [0, 0, 0, 0, 0, 0, 0, 0, 0, 0, 0, 0, 0, 0, 0, 0, 0, 0, 0, 0, 0, 0, 0, 0, 0, 0, 0, 0, 0, 0], [0, 0, 0, 0, 0, 0, 0, 0, 0, 0, 0, 0, 0, 0, 0, 0, 0, 0, 0, 0, 0, 0, 0, 0, 0, 0, 0, 0, 0, 0], [0, 0, 0, 0, 0, 3, 0, 0, 0, 0, 3, 0, 0, 0, 0, 0, 0, 0, 0, 0, 0, 0, 0, 0, 0, 0, 0, 0, 0, 0], [0, 0, 0, 0, 0, 3, 0, 0, 0, 0, 3, 0, 0, 0, 0, 0, 0, 0, 0, 0, 0, 0, 0, 0, 0, 0, 0, 0, 0, 0], [0, 0, 0, 0, 0, 0, 0, 0, 0, 0, 0, 0, 0, 0, 0, 0, 0, 0, 0, 0, 0, 0, 0, 0, 0, 0, 0, 0, 0, 0], [0, 0, 0, 0, 0, 0, 0, 0, 0, 0, 0, 0, 0, 0, 0, 0, 0, 0, 0, 0, 0, 0, 0, 0, 0, 0, 0, 0, 0, 0], [0, 0, 0, 0, 0, 0, 0, 0, 0, 0, 0, 0, 0, 0, 0, 0, 0, 0, 0, 0, 0, 0, 0, 0, 0, 0, 0, 0, 0, 0], [0, 0, 0, 0, 0, 0, 0, 0, 0, 0, 0, 0, 0, 0, 0, 0, 0, 0, 0, 0, 0, 0, 0, 0, 0, 0, 0, 0, 0, 0], [0, 0, 0, 0, 3, 0, 3, 0, 0, 3, 0, 0, 0, 0, 0, 0, 0, 0, 0, 0, 0, 0, 0, 0, 0, 0, 0, 0, 0, 0], [0, 0, 3, 0, 3, 0, 0, 0, 0, 0, 0, 0, 0, 0, 0, 0, 0, 0, 0, 0, 0, 0, 0, 0, 0, 0, 0, 0, 0, 0], [0, 0, 3, 0, 3, 0, 0, 0, 0, 0, 0, 0, 0, 0, 0, 0, 0, 0, 0, 0, 0, 0, 0, 0, 0, 0, 0, 0, 0, 0], [0, 0, 0, 0, 3, 0, 3, 0, 0, 3, 0, 0, 0, 0, 0, 0, 0, 0, 0, 0, 0, 0, 0, 0, 0, 0, 0, 0, 0, 0], [0, 0, 0, 0, 0, 0, 0, 0, 0, 0, 0, 0, 0, 0, 0, 0, 0, 0, 0, 0, 0, 0, 0, 0, 0, 0, 0, 0, 0, 0], [0, 0, 0, 0, 0, 0, 0, 0, 0, 0, 0, 0, 0, 0, 0, 0, 0, 0, 0, 0, 0, 0, 0, 0, 0, 0, 0, 0, 0, 0]]",False,80.11111111111111
55783887,"[[4, 4, 4, 4, 4, 4, 4, 4, 4, 4, 4, 4, 4, 4, 4, 4], [4, 4, 4, 4, 4, 4, 4, 4, 4, 4, 4, 4, 4, 4, 4, 4], [4, 4, 1, 4, 4, 4, 4, 4, 4, 4, 4, 4, 4, 4, 4, 4], [4, 4, 4, 4, 4, 4, 4, 4, 4, 4, 4, 4, 4, 4, 4, 4], [4, 4, 4, 4, 6, 4, 4, 4, 4, 4, 4, 4, 4, 4, 1, 4], [4, 4, 4, 4, 4, 4, 4, 4, 4, 4, 4, 4, 4, 4, 4, 4], [4, 4, 4, 4, 4, 4, 6, 4, 4, 4, 4, 4, 4, 4, 4, 4], [4, 4, 4, 4, 4, 4, 4, 4, 4, 4, 4, 4, 4, 4, 6, 4], [4, 4, 4, 4, 4, 4, 4, 4, 4, 4, 4, 4, 4, 4, 4, 4], [4, 4, 4, 4, 4, 4, 4, 4, 4, 4, 4, 4, 4, 4, 4, 4], [4, 4, 4, 4, 4, 4, 4, 4, 4, 4, 1, 4, 4, 4, 4, 4], [4, 4, 4, 4, 4, 4, 4, 4, 4, 4, 4, 4, 4, 4, 4, 4], [4, 4, 4, 4, 4, 4, 4, 4, 4, 4, 4, 4, 4, 4, 4, 4], [4, 4, 4, 4, 4, 4, 4, 4, 4, 4, 4, 4, 4, 4, 4, 4], [4, 4, 4, 4, 4, 4, 4, 4, 4, 4, 4, 4, 4, 4, 4, 4], [4, 4, 6, 4, 4, 4, 4, 4, 4, 4, 4, 4, 4, 4, 4, 4], [4, 4, 4, 4, 4, 4, 4, 4, 4, 4, 4, 4, 4, 4, 4, 4], [4, 4, 4, 4, 4, 4, 4, 4, 4, 1, 4, 4, 4, 4, 4, 4], [4, 4, 4, 4, 4, 4, 4, 4, 4, 4, 4, 4, 4, 4, 4, 4]]",False,91.77631578947368
c7d4e6ad,"[[0, 0, 0, 0, 0, 0, 0, 0, 0, 0], [0, 0, 0, 0, 0, 0, 0, 0, 0, 0], [2, 0, 0, 0, 2, 2, 0, 2, 0, 0], [2, 0, 0, 2, 2, 2, 2, 2, 0, 0], [3, 0, 0, 3, 0, 0, 0, 0, 0, 0], [3, 0, 0, 3, 3, 3, 0, 0, 0, 0], [3, 0, 0, 0, 0, 3, 0, 0, 0, 0], [4, 0, 0, 4, 4, 4, 4, 0, 0, 0], [7, 0, 0, 7, 7, 7, 0, 0, 0, 0], [0, 0, 0, 0, 0, 0, 0, 0, 0, 0]]",True,100.0
4b6b68e5,[[-1]],False,0.0
a04b2602,"[[0, 0, 0, 0, 0, 2, 0, 0, 0, 0, 0, 0, 0, 1, 3, 1, 2, 1, 3, 3, 3, 3, 3, 3, 3, 0, 0], [0, 0, 0, 0, 0, 0, 0, 0, 0, 0, 0, 0, 0, 2, 1, 3, 1, 3, 1, 3, 3, 3, 3, 3, 3, 0, 0], [0, 0, 0, 3, 3, 3, 3, 3, 3, 3, 1, 0, 0, 1, 3, 3, 1, 1, 2, 1, 3, 3, 3, 3, 3, 0, 0], [0, 0, 0, 3, 3, 3, 3, 1, 3, 1, 2, 0, 0, 3, 3, 1, 2, 1, 1, 3, 3, 3, 3, 3, 3, 0, 2], [0, 0, 0, 1, 3, 3, 1, 2, 1, 3, 1, 0, 2, 1, 1, 2, 1, 3, 3, 3, 3, 3, 3, 3, 3, 0, 0], [0, 0, 0, 2, 1, 3, 3, 1, 3, 3, 3, 0, 0, 3, 3, 1, 3, 3, 3, 3, 3, 3, 3, 3, 3, 0, 0], [0, 0, 0, 1, 3, 3, 1, 3, 3, 3, 3, 0, 0, 3, 3, 3, 3, 3, 3, 3, 3, 3, 3, 3, 3, 0, 0], [0, 0, 0, 3, 3, 1, 2, 1, 3, 3, 3, 0, 0, 3, 3, 1, 3, 3, 3, 3, 3, 3, 3, 3, 1, 0, 0], [0, 0, 0, 3, 3, 1, 1, 3, 3, 3, 3, 0, 0, 3, 1, 2, 1, 3, 3, 3, 3, 3, 3, 1, 2, 0, 0], [0, 0, 0, 3, 1, 2, 2, 1, 3, 3, 3, 0, 0, 3, 3, 1, 3, 3, 1, 1, 3, 3, 3, 3, 1, 0, 0], [0, 0, 0, 3, 3, 1, 1, 3, 3, 3, 3, 0, 0, 0, 0, 0, 0, 0, 2, 2, 0, 0, 0, 0, 0, 0, 0], [0, 0, 0, 0, 0, 0, 0, 0, 0, 0, 0, 0, 0, 0, 0, 0, 0, 0, 2, 0, 0, 0, 0, 0, 0, 0, 0], [0, 0, 0, 0, 0, 0, 0, 0, 0, 0, 0, 0, 0, 3, 3, 3, 3, 3, 1, 3, 1, 3, 0, 0, 0, 0, 0], [0, 2, 0, 0, 0, 0, 0, 0, 0, 0, 0, 0, 0, 3, 3, 3, 3, 1, 2, 1, 2, 1, 0, 0, 0, 0, 0], [0, 0, 0, 0, 0, 0, 0, 0, 0, 2, 0, 0, 0, 1, 3, 1, 1, 3, 1, 3, 1, 3, 0, 0, 0, 0, 0], [0, 0, 0, 2, 0, 0, 0, 0, 0, 0, 0, 2, 0, 2, 1, 2, 2, 1, 3, 3, 3, 3, 0, 0, 0, 2, 0]]",False,87.26851851851852
e9c9d9a1,"[[2, 2, 3, 0, 0, 0, 3, 0, 0, 3, 4, 4, 4, 4, 4], [2, 2, 3, 0, 0, 0, 3, 0, 0, 3, 4, 4, 4, 4, 4], [2, 2, 3, 0, 0, 0, 3, 0, 0, 3, 4, 4, 4, 4, 4], [3, 3, 3, 3, 3, 3, 3, 3, 3, 3, 3, 3, 3, 3, 3], [0, 0, 3, 7, 7, 7, 3, 7, 7, 3, 0, 0, 0, 0, 0], [0, 0, 3, 7, 7, 7, 3, 7, 7, 3, 0, 0, 0, 0, 0], [0, 0, 3, 7, 7, 7, 3, 7, 7, 3, 0, 0, 0, 0, 0], [3, 3, 3, 3, 3, 3, 3, 3, 3, 3, 3, 3, 3, 3, 3], [0, 0, 3, 7, 7, 7, 3, 7, 7, 3, 0, 0, 0, 0, 0], [0, 0, 3, 7, 7, 7, 3, 7, 7, 3, 0, 0, 0, 0, 0], [3, 3, 3, 3, 3, 3, 3, 3, 3, 3, 3, 3, 3, 3, 3], [1, 1, 3, 0, 0, 0, 3, 0, 0, 3, 8, 8, 8, 8, 8], [1, 1, 3, 0, 0, 0, 3, 0, 0, 3, 8, 8, 8, 8, 8], [1, 1, 3, 0, 0, 0, 3, 0, 0, 3, 8, 8, 8, 8, 8], [1, 1, 3, 0, 0, 0, 3, 0, 0, 3, 8, 8, 8, 8, 8]]",True,100.0
ef26cbf6,"[[1, 0, 0, 4, 0, 0, 0], [0, 1, 0, 4, 0, 6, 0], [1, 1, 0, 4, 0, 0, 0], [4, 4, 4, 4, 4, 4, 4], [0, 0, 1, 4, 0, 0, 0], [0, 1, 1, 4, 0, 2, 0], [1, 0, 0, 4, 0, 0, 0], [4, 4, 4, 4, 4, 4, 4], [1, 1, 0, 4, 0, 0, 0], [0, 1, 0, 4, 0, 8, 0], [1, 1, 1, 4, 0, 0, 0]]",False,81.81818181818183
e1d2900e,"[[0, 0, 0, 0, 0, 0, 0, 0, 0, 0, 0, 0, 0, 0, 0, 0, 0, 0, 0, 0, 0, 0, 0, 0, 0, 0, 0, 0, 0, 0], [0, 0, 0, 0, 0, 0, 0, 0, 0, 0, 0, 0, 0, 0, 1, 0, 0, 0, 0, 0, 0, 0, 0, 0, 0, 0, 0, 0, 0, 0], [0, 0, 0, 0, 0, 0, 0, 0, 0, 0, 0, 0, 0, 0, 0, 0, 0, 0, 0, 0, 0, 0, 0, 0, 0, 1, 0, 0, 0, 0], [0, 0, 0, 0, 0, 1, 0, 0, 0, 0, 0, 0, 0, 0, 0, 0, 0, 0, 0, 0, 0, 0, 0, 0, 0, 0, 0, 0, 0, 0], [0, 0, 0, 0, 0, 0, 0, 0, 0, 0, 0, 0, 0, 0, 0, 0, 0, 0, 0, 0, 0, 0, 0, 0, 0, 0, 0, 0, 0, 0], [0, 0, 0, 0, 0, 2, 2, 1, 0, 0, 0, 0, 0, 0, 0, 0, 0, 0, 0, 0, 0, 0, 0, 0, 0, 0, 0, 0, 0, 0], [0, 0, 0, 0, 0, 3, 2, 1, 0, 0, 1, 0, 0, 0, 0, 0, 0, 0, 0, 0, 0, 0, 0, 0, 0, 0, 0, 0, 0, 0], [0, 0, 0, 0, 0, 1, 0, 0, 0, 0, 0, 0, 0, 0, 0, 0, 0, 0, 0, 0, 0, 0, 0, 0, 0, 0, 0, 0, 0, 0], [0, 0, 0, 0, 0, 0, 0, 0, 0, 0, 0, 0, 0, 0, 0, 0, 0, 0, 0, 0, 0, 0, 0, 0, 0, 0, 0, 0, 0, 0], [0, 0, 0, 0, 0, 0, 0, 0, 0, 0, 0, 0, 0, 0, 0, 0, 0, 0, 0, 0, 0, 0, 0, 0, 0, 0, 0, 1, 0, 0], [0, 0, 0, 0, 0, 1, 0, 0, 0, 0, 0, 0, 0, 0, 0, 0, 0, 0, 0, 0, 0, 0, 0, 0, 0, 0, 0, 0, 0, 0], [0, 0, 0, 0, 0, 0, 0, 0, 0, 0, 0, 0, 0, 0, 0, 0, 0, 0, 1, 0, 0, 0, 0, 0, 0, 0, 0, 0, 0, 0], [0, 0, 0, 0, 0, 0, 0, 0, 0, 0, 0, 0, 0, 0, 0, 0, 0, 0, 0, 0, 0, 0, 0, 0, 0, 0, 0, 0, 0, 0], [0, 0, 0, 0, 0, 0, 0, 0, 0, 1, 0, 0, 0, 0, 0, 0, 0, 0, 0, 0, 0, 0, 0, 0, 0, 0, 0, 0, 0, 0], [0, 0, 0, 0, 0, 0, 0, 0, 0, 0, 0, 0, 0, 0, 0, 0, 0, 0, 0, 0, 0, 0, 0, 0, 0, 0, 0, 0, 0, 0], [0, 0, 0, 0, 0, 0, 0, 0, 0, 0, 0, 0, 0, 0, 0, 0, 0, 0, 0, 0, 0, 0, 0, 0, 0, 0, 0, 0, 0, 0], [0, 0, 0, 0, 0, 0, 0, 0, 0, 2, 2, 1, 0, 0, 1, 0, 0, 2, 2, 1, 0, 0, 0, 0, 0, 0, 0, 0, 0, 0], [0, 0, 1, 0, 0, 0, 0, 0, 0, 3, 2, 1, 0, 1, 0, 0, 0, 3, 2, 1, 0, 0, 1, 0, 0, 0, 0, 0, 0, 0], [0, 0, 0, 0, 0, 0, 0, 0, 0, 1, 0, 0, 0, 0, 0, 0, 0, 1, 0, 0, 0, 0, 0, 0, 0, 0, 0, 0, 0, 0], [0, 0, 0, 0, 0, 0, 0, 0, 0, 0, 0, 0, 0, 0, 0, 0, 0, 0, 0, 0, 0, 0, 0, 0, 0, 0, 0, 0, 0, 0], [0, 0, 0, 0, 0, 0, 0, 0, 0, 0, 0, 0, 0, 0, 0, 0, 0, 0, 0, 0, 0, 0, 0, 0, 0, 0, 0, 0, 1, 0], [0, 0, 0, 0, 0, 0, 0, 0, 0, 0, 0, 0, 0, 0, 0, 0, 0, 0, 0, 0, 0, 0, 0, 0, 0, 0, 0, 0, 0, 0], [0, 0, 0, 0, 0, 0, 0, 0, 0, 0, 0, 0, 0, 0, 0, 0, 0, 0, 0, 0, 0, 0, 0, 0, 0, 0, 0, 0, 0, 0], [0, 0, 0, 0, 0, 0, 0, 0, 0, 0, 0, 0, 0, 0, 0, 0, 0, 0, 0, 0, 0, 0, 0, 0, 0, 0, 0, 0, 0, 0], [0, 0, 0, 0, 0, 0, 0, 0, 0, 0, 0, 0, 0, 0, 0, 0, 0, 0, 0, 0, 0, 0, 0, 0, 0, 0, 0, 0, 0, 0], [0, 0, 0, 0, 0, 0, 0, 0, 0, 0, 0, 0, 0, 0, 0, 0, 0, 0, 0, 0, 0, 0, 2, 2, 1, 0, 0, 0, 0, 0], [0, 0, 0, 0, 0, 0, 0, 0, 0, 0, 0, 0, 0, 0, 1, 0, 0, 0, 0, 0, 0, 0, 3, 2, 1, 0, 0, 0, 0, 0], [0, 1, 0, 0, 0, 0, 0, 0, 0, 0, 0, 0, 0, 0, 0, 0, 0, 0, 0, 0, 0, 0, 1, 0, 0, 0, 0, 0, 0, 0], [0, 0, 0, 0, 0, 0, 0, 0, 0, 0, 0, 0, 0, 0, 0, 0, 0, 0, 0, 0, 0, 0, 0, 0, 0, 0, 0, 0, 0, 0], [0, 0, 0, 0, 0, 0, 0, 0, 0, 0, 0, 0, 0, 0, 0, 0, 0, 0, 0, 0, 0, 0, 0, 0, 0, 0, 0, 0, 0, 0]]",False,96.88888888888889
e0fb7511,"[[1, 1, 1, 8, 8, 1, 1, 1, 1, 1, 8, 8, 1], [0, 1, 1, 1, 8, 1, 1, 1, 1, 1, 1, 8, 8], [1, 1, 8, 8, 8, 1, 1, 0, 1, 1, 0, 1, 8], [0, 1, 1, 8, 1, 1, 1, 1, 1, 0, 1, 0, 1], [1, 1, 1, 1, 1, 0, 1, 1, 1, 1, 1, 1, 1], [1, 8, 1, 0, 1, 1, 8, 1, 1, 1, 0, 1, 8], [1, 8, 8, 1, 0, 1, 8, 1, 1, 1, 1, 1, 8], [1, 8, 1, 0, 1, 1, 1, 1, 8, 8, 8, 1, 8], [1, 1, 1, 1, 1, 1, 0, 1, 1, 1, 8, 1, 8], [1, 0, 1, 8, 8, 1, 1, 1, 1, 8, 8, 1, 1], [0, 1, 1, 8, 1, 1, 1, 1, 0, 1, 8, 1, 1], [1, 1, 1, 1, 0, 1, 1, 1, 1, 1, 8, 1, 0], [1, 1, 1, 1, 1, 1, 0, 1, 0, 1, 1, 1, 1]]",True,100.0
ae58858e,"[[0, 0, 0, 0, 6, 6, 6, 0], [6, 6, 0, 0, 0, 0, 0, 0], [0, 6, 6, 0, 0, 6, 6, 0], [0, 6, 0, 0, 0, 6, 6, 0], [0, 0, 0, 0, 0, 0, 0, 0], [2, 0, 6, 6, 0, 0, 0, 2]]",False,89.58333333333334
93c31fbe,[[-1]],False,0.0
aee291af,"[[8, 8, 8, 8], [8, 2, 8, 8], [8, 8, 8, 8], [8, 8, 8, 8]]",False,40.0
7ee1c6ea,"[[7, 0, 1, 1, 7, 0, 0, 7, 7, 7], [1, 5, 5, 5, 5, 5, 5, 5, 5, 7], [1, 5, 0, 0, 1, 0, 1, 7, 5, 7], [0, 5, 7, 1, 7, 0, 1, 7, 5, 1], [7, 5, 7, 7, 0, 1, 7, 1, 5, 1], [7, 5, 0, 1, 7, 0, 7, 7, 5, 1], [1, 5, 7, 7, 1, 1, 1, 1, 5, 0], [0, 5, 1, 7, 7, 7, 7, 0, 5, 7], [0, 5, 5, 5, 5, 5, 5, 5, 5, 0], [0, 1, 7, 1, 0, 7, 0, 0, 7, 7]]",False,72.0
e9ac8c9e,"[[6, 0, 0, 0, 0, 0, 0, 9, 0, 0, 0, 0, 0, 0, 0], [0, 5, 5, 5, 5, 5, 5, 0, 0, 0, 0, 0, 0, 0, 0], [0, 5, 5, 5, 5, 5, 5, 0, 0, 0, 0, 0, 0, 0, 0], [0, 5, 5, 5, 5, 5, 5, 0, 0, 0, 9, 0, 0, 7, 0], [0, 5, 5, 5, 5, 5, 5, 0, 0, 0, 0, 5, 5, 0, 0], [0, 5, 5, 5, 5, 5, 5, 0, 0, 0, 0, 5, 5, 0, 0], [0, 5, 5, 5, 5, 5, 5, 0, 0, 0, 2, 0, 0, 6, 0], [7, 0, 0, 0, 0, 0, 0, 8, 0, 0, 0, 0, 0, 0, 0], [0, 0, 0, 0, 0, 0, 0, 0, 0, 0, 0, 0, 0, 0, 0], [0, 0, 0, 0, 0, 6, 0, 0, 0, 0, 2, 0, 0, 0, 0], [0, 0, 0, 0, 0, 0, 5, 5, 5, 5, 0, 0, 0, 0, 0], [0, 0, 0, 0, 0, 0, 5, 5, 5, 5, 0, 0, 0, 0, 0], [0, 0, 0, 0, 0, 0, 5, 5, 5, 5, 0, 0, 0, 0, 0], [0, 0, 0, 0, 0, 0, 5, 5, 5, 5, 0, 0, 0, 0, 0], [0, 0, 0, 0, 0, 8, 0, 0, 0, 0, 3, 0, 0, 0, 0]]",False,69.77777777777779
e95e3d8e,"[[1, 3, 1, 3, 1, 3, 1, 3, 1, 3, 1, 3, 1, 3, 1, 3, 1, 3, 1, 3, 1, 3], [3, 7, 1, 1, 7, 3, 5, 5, 3, 7, 1, 1, 7, 3, 5, 5, 3, 7, 1, 1, 7, 3], [1, 1, 1, 1, 1, 1, 1, 1, 1, 1, 1, 1, 1, 1, 1, 1, 1, 1, 1, 1, 1, 1], [3, 7, 5, 5, 7, 5, 5, 7, 3, 1, 1, 3, 7, 5, 5, 7, 3, 1, 1, 3, 7, 5], [1, 7, 1, 7, 1, 7, 1, 7, 1, 7, 1, 7, 1, 7, 7, 1, 7, 7, 1, 7, 1, 7], [3, 3, 1, 5, 7, 1, 3, 1, 3, 3, 1, 5, 7, 7, 5, 7, 7, 3, 1, 5, 7, 7], [1, 5, 1, 5, 1, 5, 1, 5, 1, 5, 1, 5, 1, 5, 5, 1, 5, 5, 1, 5, 1, 5], [3, 5, 1, 7, 7, 1, 5, 3, 3, 5, 1, 7, 7, 1, 5, 1, 7, 5, 1, 7, 7, 1], [1, 3, 1, 3, 1, 3, 1, 3, 1, 3, 1, 3, 1, 3, 1, 3, 1, 3, 1, 3, 1, 3], [3, 7, 1, 1, 7, 3, 5, 5, 3, 7, 3, 5, 7, 3, 5, 5, 3, 7, 1, 1, 7, 3], [1, 1, 1, 1, 1, 1, 1, 1, 1, 1, 1, 1, 1, 1, 1, 1, 1, 1, 1, 1, 1, 1], [3, 1, 1, 3, 7, 5, 5, 7, 3, 7, 5, 5, 7, 5, 5, 7, 3, 1, 1, 3, 7, 5], [1, 7, 1, 7, 1, 7, 1, 7, 1, 7, 1, 7, 1, 7, 1, 7, 1, 7, 1, 7, 1, 7], [3, 3, 1, 5, 7, 7, 5, 1, 3, 3, 1, 5, 7, 7, 5, 1, 3, 3, 1, 5, 7, 7], [1, 5, 1, 5, 1, 5, 1, 5, 1, 5, 1, 5, 1, 5, 5, 1, 5, 5, 1, 5, 1, 5], [3, 5, 1, 7, 7, 1, 5, 3, 3, 5, 1, 7, 7, 1, 5, 1, 7, 5, 1, 7, 7, 1], [1, 3, 1, 3, 1, 3, 1, 3, 1, 3, 1, 3, 1, 3, 3, 1, 3, 3, 1, 3, 1, 3], [3, 7, 1, 1, 7, 3, 5, 5, 3, 7, 1, 1, 7, 3, 7, 1, 1, 7, 1, 1, 7, 3], [1, 1, 1, 1, 1, 1, 1, 1, 1, 1, 1, 1, 1, 1, 1, 1, 1, 1, 1, 1, 1, 1], [3, 1, 1, 3, 7, 5, 5, 7, 3, 1, 1, 3, 7, 5, 5, 7, 3, 1, 1, 3, 7, 5], [1, 7, 1, 7, 1, 7, 1, 7, 1, 7, 1, 7, 1, 7, 1, 7, 1, 7, 1, 7, 1, 7], [3, 3, 1, 5, 7, 7, 5, 1, 3, 3, 1, 5, 7, 7, 5, 1, 3, 3, 1, 5, 7, 7]]",False,93.59504132231406
1a2e2828,[[7]],True,100.0
770cc55f,"[[7, 7, 7, 7, 7], [0, 4, 4, 0, 0], [0, 4, 4, 0, 0], [0, 4, 4, 0, 0], [0, 4, 4, 0, 0], [2, 2, 2, 2, 2], [0, 0, 0, 0, 0], [0, 0, 0, 0, 0], [0, 0, 0, 0, 0], [0, 0, 0, 0, 0], [0, 7, 7, 0, 0]]",True,100.0
03560426,"[[3, 0, 0, 0, 0, 0, 0, 0, 0, 0], [0, 3, 0, 0, 0, 0, 0, 0, 0, 0], [0, 0, 3, 0, 0, 0, 0, 0, 0, 0], [0, 0, 0, 3, 0, 0, 0, 0, 0, 0], [0, 0, 0, 0, 8, 0, 0, 0, 0, 0], [0, 0, 0, 0, 0, 8, 0, 0, 0, 0], [0, 0, 0, 0, 0, 0, 0, 0, 0, 0], [0, 0, 0, 0, 0, 0, 0, 0, 0, 0], [0, 0, 0, 0, 0, 0, 0, 0, 0, 0], [0, 0, 0, 0, 0, 0, 0, 0, 0, 0]]",False,81.0
bf699163,"[[5, 5, 5], [5, 5, 5], [5, 5, 5]]",False,11.11111111111111
c35c1b4c,"[[0, 0, 6, 6, 6, 6, 6, 6, 6, 0], [2, 6, 0, 6, 9, 0, 6, 0, 2, 6], [2, 6, 6, 9, 9, 9, 9, 9, 6, 6], [2, 0, 0, 9, 9, 0, 9, 6, 0, 2], [9, 9, 9, 9, 9, 9, 6, 0, 0, 0], [9, 9, 9, 9, 9, 9, 9, 9, 9, 0], [0, 0, 9, 9, 9, 9, 6, 6, 0, 0], [2, 9, 9, 9, 9, 9, 9, 6, 2, 6], [0, 0, 2, 9, 0, 6, 9, 0, 2, 6], [6, 0, 0, 2, 0, 6, 0, 6, 6, 2]]",False,87.0
